user_id,created_at
111111111111111111111111,2025-10-27 21:01:10.042795+00
1234-test,2025-10-29 10:15:05.685526+00
1234567890,2025-09-14 09:53:12.415247+00
123456789012345678901234,2025-09-15 13:06:06.309792+00
123456789012346578909872,2025-09-16 18:49:10.272149+00
123456789123456789123456,2025-09-15 13:06:50.125911+00
15,2025-09-14 12:48:03.439298+00
20,2025-09-14 12:49:15.400245+00
2345678,2025-09-14 08:23:29.156229+00
23456789,2025-09-14 09:33:27.383684+00
234567890,2025-09-14 09:43:06.090722+00
32141234,2025-09-15 06:15:39.230806+00
32456789,2025-09-14 09:51:31.020306+00
345678,2025-09-14 08:53:13.301019+00
3456789,2025-09-14 08:06:10.20416+00
4356789,2025-09-14 09:22:40.517393+00
45678,2025-09-13 18:24:36.92354+00
456789,2025-09-13 18:18:02.401337+00
4567890-=,2025-09-13 10:17:40.727481+00
56789,2025-09-13 18:18:31.888342+00
58,2025-09-13 18:32:49.454588+00
65789,2025-09-13 18:21:05.54146+00
A9dF3kLmP8tUvWxYzR5QhC2h,2025-09-15 11:59:04.922529+00
asssssssssssssssssssssss,2025-10-25 15:10:30.228208+00
Chic-wtga,2025-11-25 06:51:03.117191+00
drtfyguhijokp,2025-09-13 10:37:56.985354+00
dtrfyguhijokp,2025-09-13 10:26:58.342852+00
Gjkkkhhg,2025-09-14 09:57:32.141668+00
Guokbvv,2025-09-14 09:54:23.52849+00
hxbc-bfyw,2025-11-20 18:39:02.24317+00
Hxbc-pnjn,2025-11-19 22:03:23.833939+00
Kathrin 4,2025-09-13 18:13:36.533447+00
Kathrin1,2025-09-13 17:56:56.800863+00
Kathrin2,2025-09-13 17:57:48.475127+00
Kathrin3,2025-09-13 18:00:04.340445+00
Kendkffb,2025-09-14 09:58:22.255083+00
Krönend,2025-09-14 09:57:01.683234+00
Nico,2025-09-13 10:47:15.575982+00
Nico 4,2025-09-13 10:59:12.315151+00
Nico123,2025-09-15 09:44:11.41845+00
Nico2,2025-09-13 10:50:22.489058+00
Nico3,2025-09-13 10:55:22.351987+00
Nico456,2025-09-15 09:49:12.881176+00
Nico5,2025-09-13 11:00:02.485194+00
Nico6,2025-09-13 11:00:48.847706+00
Nico7,2025-09-13 11:03:14.130829+00
NicoCookie,2025-09-15 09:55:16.652097+00
Ok remeberance is of,2025-09-14 09:58:46.296809+00
Prolfiic ID,2025-09-13 10:39:12.865393+00
Skdldlfn,2025-09-14 10:04:36.977084+00
test-1234,2026-01-21 13:16:25.491335+00
Tudijdbfldn,2025-09-14 15:51:16.43518+00
xhbc-26ct,2025-11-19 03:01:32.946182+00
xhbc-2i6p,2025-11-17 20:16:07.350683+00
xhbc-2scw,2025-11-17 00:40:30.21665+00
xhbc-2ttx,2025-11-18 18:20:39.03665+00
xhbc-373r,2025-11-18 23:39:48.464589+00
xhbc-3gyb,2025-11-19 12:49:19.10997+00
xhbc-3rz5,2025-11-16 21:03:10.952174+00
xhbc-3tyi,2025-11-19 12:44:47.717698+00
xhbc-3ygg,2025-11-16 22:26:43.893493+00
xhbc-4gip,2025-11-18 00:24:55.429475+00
Xhbc-4rbb,2025-11-17 01:28:31.488818+00
xhbc-4rcd,2025-11-17 18:23:15.423098+00
xhbc-59qk,2025-11-18 17:09:45.294716+00
xhbc-5xfc,2025-11-18 17:22:53.689735+00
xhbc-63ee,2025-11-15 20:40:41.773105+00
Xhbc-69h9,2025-11-16 01:21:10.061479+00
xhbc-6cr9,2025-11-16 18:46:24.201153+00
xhbc-6f6h,2025-11-16 20:26:28.959355+00
xhbc-6g6e,2025-11-19 01:34:28.616925+00
xhbc-6sy6,2025-11-17 19:27:47.899145+00
xhbc-75ca,2025-11-18 18:41:03.694105+00
xhbc-78g3,2025-11-18 23:23:17.181704+00
xhbc-78yi,2025-11-18 20:17:05.786434+00
xhbc-7azb,2025-11-17 19:35:41.944495+00
xhbc-7eqk,2025-11-17 22:11:39.409276+00
xhbc-7grs,2025-11-17 10:18:58.844994+00
xhbc-7nm5,2025-11-15 17:41:41.010332+00
xhbc-7y2q,2025-11-18 16:14:38.420472+00
xhbc-7ytz,2025-11-18 21:46:59.612354+00
xhbc-82tm,2025-11-15 20:10:17.022078+00
xhbc-83f3,2025-11-18 19:04:21.981315+00
xhbc-856i,2025-11-18 23:59:51.097897+00
xhbc-85au,2025-11-19 03:15:50.905369+00
xhbc-8cra,2025-11-15 18:00:54.303199+00
xhbc-8dhj,2025-11-16 00:40:39.067764+00
xhbc-8fai,2025-11-19 04:57:10.424275+00
xhbc-8h8r,2025-11-16 17:44:39.685353+00
xhbc-8ken,2025-11-18 23:26:48.642376+00
xhbc-8m4h,2025-11-18 19:13:59.600433+00
xhbc-8n69,2025-11-16 22:17:10.838605+00
xhbc-8ppq,2025-11-15 23:34:42.702316+00
xhbc-8r65,2025-11-18 21:41:32.201102+00
xhbc-97vm,2025-11-19 14:56:59.058126+00
xhbc-99m4,2025-11-16 17:23:18.108779+00
xhbc-9b9s,2025-11-16 18:57:19.189884+00
xhbc-9fzd,2025-11-13 17:45:12.691032+00
xhbc-9jmx,2025-11-19 02:45:19.928893+00
xhbc-9uw7,2025-11-19 04:41:33.880292+00
xhbc-9ygx,2025-11-17 01:06:38.330242+00
xhbc-a3nw,2025-11-16 18:21:37.527313+00
xhbc-abwu,2025-11-15 20:33:53.388033+00
xhbc-atkg,2025-11-18 17:50:13.564064+00
xhbc-azhh,2025-11-17 02:41:59.464771+00
xhbc-b373,2025-11-15 18:10:08.068506+00
Xhbc-b5wv,2025-11-19 11:30:25.110335+00
xhbc-bbgq,2025-11-17 00:32:03.616332+00
xhbc-bebz,2025-11-16 19:51:44.639317+00
xhbc-bfyw,2025-11-19 05:36:21.65669+00
xhbc-bmg9,2025-11-16 20:41:01.336463+00
xhbc-bx4w,2025-11-18 19:55:46.100653+00
xhbc-bzt6,2025-11-01 00:39:58.743998+00
xhbc-c32b,2025-11-18 23:55:52.266975+00
xhbc-c5hg,2025-11-18 00:54:54.385721+00
xhbc-c9de,2025-11-17 17:15:48.318963+00
xhbc-cp8g,2025-11-18 22:09:21.972305+00
Xhbc-cpjn,2025-11-18 16:46:16.298451+00
xhbc-cu5g,2025-11-17 20:33:23.305247+00
xhbc-cyip,2025-11-17 22:35:25.529559+00
xhbc-d54z,2025-11-19 00:51:02.394857+00
xhbc-d6mr,2025-11-17 02:41:34.114111+00
Xhbc-e23b,2025-11-19 01:41:34.41043+00
xhbc-ebtp,2025-11-18 17:02:25.457027+00
xhbc-ef7v,2025-11-18 19:27:17.907912+00
xhbc-ei4g,2025-11-17 01:18:23.03542+00
xhbc-emu3,2025-11-17 14:50:59.852883+00
xhbc-euq9,2025-11-15 20:09:11.172777+00
xhbc-f4pp,2025-11-18 17:32:58.219504+00
xhbc-f82n,2025-11-19 00:09:15.18093+00
xhbc-fbh7,2025-11-18 02:18:05.954154+00
xhbc-fk5s,2025-11-18 04:06:39.40028+00
xhbc-fnea,2025-11-16 19:55:15.723406+00
xhbc-fqth,2025-11-16 20:23:40.37672+00
xhbc-fuys,2025-11-24 14:56:01.796542+00
xhbc-g6b4,2025-11-03 02:38:41.846335+00
xhbc-ge65,2025-11-16 18:11:22.256573+00
xhbc-ggyn,2025-11-17 19:45:54.448631+00
xhbc-giqt,2025-11-16 18:25:28.973129+00
xhbc-gk95,2025-11-15 19:25:57.591389+00
xhbc-gpe2,2025-11-17 13:39:49.171268+00
xhbc-gt9u,2025-11-17 20:49:28.462337+00
xhbc-gufx,2025-11-18 21:18:02.129697+00
xhbc-gyrm,2025-11-16 00:23:17.31352+00
xhbc-hev8,2025-11-17 07:53:41.073692+00
xhbc-hiy8,2025-11-18 19:40:49.95322+00
xhbc-i2ze,2025-11-16 20:15:28.760439+00
xhbc-i3qx,2025-11-26 06:03:59.703242+00
xhbc-i9fc,2025-11-04 21:30:16.539249+00
Xhbc-i9fc,2025-11-04 21:37:19.823813+00
xhbc-iqpv,2025-11-15 22:11:37.942081+00
xhbc-ist5,2025-11-02 00:17:41.490799+00
xhbc-iui2,2025-11-16 02:12:31.78719+00
Xhbc-iui2,2025-11-16 00:53:32.238946+00
xhbc-iyd7,2025-11-19 01:04:47.444826+00
xhbc-j2wq,2025-11-16 21:30:14.148007+00
xhbc-jcfc,2025-11-16 17:07:44.424473+00
xhbc-jdcx,2025-11-03 14:08:50.582697+00
xhbc-jm8g,2025-11-19 04:14:51.161793+00
xhbc-k6ct,2025-11-18 18:49:54.598713+00
xhbc-kmnj,2025-11-17 02:24:17.214248+00
xhbc-kpgc,2025-11-18 22:14:14.321733+00
xhbc-ky6c,2025-11-16 16:24:46.730479+00
xhbc-ky9x,2025-11-18 19:41:51.924049+00
xhbc-m6n4,2025-11-17 19:39:12.277074+00
xhbc-mgw7,2025-11-16 19:14:50.674592+00
xhbc-mhn7,2025-11-17 09:52:15.869458+00
xhbc-mm86,2025-11-18 19:43:12.431091+00
xhbc-mpxr,2025-11-18 19:56:25.463357+00
xhbc-mu6z,2025-11-19 02:04:44.046103+00
xhbc-mw58,2025-11-17 19:21:41.836656+00
xhbc-n4fu,2025-11-17 21:26:25.787882+00
xhbc-n944,2025-11-16 18:41:40.417405+00
xhbc-ns53,2025-11-19 02:45:28.422439+00
xhbc-nxc8,2025-11-19 05:19:07.374502+00
xhbc-p4xr,2025-11-18 21:11:34.28845+00
xhbc-pe42,2025-11-16 17:50:46.861761+00
xhbc-pfp9,2025-11-16 19:54:39.021111+00
xhbc-pjkb,2025-11-18 16:49:41.761559+00
xhbc-pswg,2025-11-17 03:20:00.563507+00
xhbc-pwcx,2025-11-19 02:15:53.256583+00
xhbc-qiw4,2025-11-19 04:42:09.977126+00
xhbc-quxz,2025-11-16 18:02:34.802082+00
xhbc-r2zu,2025-11-16 09:34:24.824965+00
xhbc-rkny,2025-11-19 02:26:38.249203+00
xhbc-s39w,2025-11-19 04:35:57.018591+00
xhbc-sb99,2025-11-16 18:54:02.550951+00
xhbc-sct3,2025-11-01 20:58:48.927635+00
xhbc-sdgk,2025-11-16 17:43:42.321499+00
xhbc-sdqi,2025-11-19 01:52:08.244766+00
xhbc-se8h,2025-11-19 00:35:43.569384+00
xhbc-sfrj,2025-11-18 20:52:12.509485+00
xhbc-sg4b,2025-11-16 20:52:26.635551+00
xhbc-snnp,2025-11-18 18:20:48.561893+00
xhbc-stqv,2025-11-18 22:53:22.514502+00
Xhbc-t3qk,2025-11-19 13:50:17.621043+00
xhbc-t6c9,2025-11-18 20:29:40.406928+00
xhbc-t8ib,2025-11-17 16:42:47.476723+00
xhbc-test,2025-11-19 10:22:10.252594+00
xhbc-tfqz,2025-11-19 10:59:19.493132+00
xhbc-tjyt,2025-11-19 03:12:14.848051+00
xhbc-trn6,2025-11-18 22:23:30.063062+00
xhbc-ttct,2025-11-17 04:10:49.916975+00
xhbc-u4nh,2025-11-19 05:41:27.618069+00
xhbc-u5hh,2025-11-15 16:59:30.882362+00
xhbc-u7y4,2025-11-17 08:24:07.691443+00
xhbc-uffr,2025-11-15 21:22:54.421883+00
xhbc-uiqj,2025-11-16 23:15:43.190232+00
xhbc-ukff,2025-11-16 16:25:36.516524+00
xhbc-uycj,2025-11-18 23:54:16.311038+00
xhbc-vfvz,2025-11-18 19:17:10.50364+00
xhbc-vgq7,2025-11-15 23:44:09.737241+00
xhbc-viwa,2025-11-19 03:35:27.912453+00
xhbc-vnvb,2025-11-15 18:23:08.925469+00
xhbc-vsd6,2025-11-18 17:51:16.192921+00
xhbc-w5gt,2025-11-15 17:01:21.513032+00
xhbc-wdku,2025-11-18 23:32:46.873699+00
xhbc-widx,2025-11-19 13:39:56.918336+00
xhbc-wig6,2025-11-16 19:10:08.530826+00
xhbc-wp2y,2025-11-17 17:26:34.841285+00
xhbc-wrbd,2025-11-19 02:50:50.806717+00
Xhbc-wrbd,2025-11-19 12:24:12.373821+00
xhbc-wsqe,2025-11-19 09:06:00.752006+00
xhbc-wtbt,2025-11-15 18:14:50.899463+00
xhbc-wtga,2025-11-19 06:01:36.233678+00
Xhbc-wtga,2025-11-22 03:10:00.055874+00
xhbc-x3u7,2025-11-18 03:40:38.067077+00
xhbc-xna7,2025-11-19 05:41:57.940055+00
xhbc-xt8p,2025-11-19 02:56:47.958185+00
xhbc-xzpn,2025-11-03 21:04:49.973282+00
xhbc-y7ng,2025-11-16 00:18:40.677905+00
xhbc-y953,2025-11-19 00:27:44.113441+00
xhbc-yads,2025-11-18 22:48:15.478813+00
xhbc-ye7f,2025-11-17 03:49:57.630952+00
xhbc-yk54,2025-11-19 01:26:39.171175+00
xhbc-z8hn,2025-11-19 02:37:11.883416+00
xhbc-zvtd,2025-11-18 21:04:02.060862+00
xhoc-jdex,2025-11-07 02:01:23.458637+00
xhoc-t6c9,2025-11-28 01:21:58.4322+00
xxx,2025-09-14 15:50:51.610352+00
yitgouhipjokp,2025-09-13 10:16:37.719175+00