id,user_id,first_login_at
1,yitgouhipjokp,2025-09-13 10:16:38.512737+00
2,4567890-=,2025-09-13 10:17:41.064143+00
3,dtrfyguhijokp,2025-09-13 10:26:58.744814+00
4,drtfyguhijokp,2025-09-13 10:37:57.797362+00
5,Prolfiic ID,2025-09-13 10:39:13.038769+00
6,Nico,2025-09-13 10:47:16.155049+00
7,Nico2,2025-09-13 10:50:22.833857+00
8,Nico3,2025-09-13 10:55:22.894217+00
9,Nico 4,2025-09-13 10:59:12.626311+00
10,Nico5,2025-09-13 11:00:02.794849+00
11,Nico6,2025-09-13 11:00:49.163554+00
12,Nico7,2025-09-13 11:03:14.772132+00
13,Kathrin1,2025-09-13 17:56:57.667988+00
14,Kathrin2,2025-09-13 17:57:49.265486+00
15,Kathrin3,2025-09-13 18:00:04.972055+00
16,Kathrin 4,2025-09-13 18:13:37.360602+00
17,456789,2025-09-13 18:18:03.171695+00
18,56789,2025-09-13 18:18:32.73709+00
19,65789,2025-09-13 18:21:06.180576+00
20,45678,2025-09-13 18:24:37.523144+00
21,58,2025-09-13 18:32:50.242722+00
22,3456789,2025-09-14 08:06:10.99144+00
23,2345678,2025-09-14 08:23:29.643951+00
24,345678,2025-09-14 08:53:14.145807+00
25,4356789,2025-09-14 09:22:40.886095+00
26,23456789,2025-09-14 09:33:28.080023+00
27,234567890,2025-09-14 09:43:06.474214+00
28,32456789,2025-09-14 09:51:31.570805+00
29,1234567890,2025-09-14 09:53:12.526968+00
30,Guokbvv,2025-09-14 09:54:23.649563+00
31,Krönend,2025-09-14 09:57:01.779066+00
32,Gjkkkhhg,2025-09-14 09:57:32.254301+00
33,Kendkffb,2025-09-14 09:58:22.333051+00
34,Ok remeberance is of,2025-09-14 09:58:46.370577+00
35,Skdldlfn,2025-09-14 10:04:37.112409+00
36,15,2025-09-14 12:48:03.756995+00
37,20,2025-09-14 12:49:15.553495+00
38,xxx,2025-09-14 15:50:51.852439+00
39,Tudijdbfldn,2025-09-14 15:51:16.691202+00
40,32141234,2025-09-15 06:15:39.591304+00
41,32141234,2025-09-15 06:15:39.591371+00
42,32141234,2025-09-15 06:15:39.59404+00
43,Nico123,2025-09-15 09:44:12.121964+00
44,Nico456,2025-09-15 09:49:13.190446+00
45,NicoCookie,2025-09-15 09:55:16.832056+00
46,A9dF3kLmP8tUvWxYzR5QhC2h,2025-09-15 11:59:05.785571+00
47,A9dF3kLmP8tUvWxYzR5QhC2h,2025-09-15 11:59:05.901524+00
48,123456789012345678901234,2025-09-15 13:06:06.539005+00
49,123456789123456789123456,2025-09-15 13:06:50.227709+00
50,123456789012346578909872,2025-09-16 18:49:10.388089+00
51,asssssssssssssssssssssss,2025-10-25 15:10:30.601436+00
52,111111111111111111111111,2025-10-27 21:01:10.360295+00
53,111111111111111111111111,2025-10-27 21:01:10.428926+00
54,1234-test,2025-10-29 10:15:06.195987+00
55,xhbc-bzt6,2025-11-01 00:39:59.033747+00
56,xhbc-sct3,2025-11-01 20:58:49.107054+00
57,xhbc-ist5,2025-11-02 00:17:41.735651+00
58,xhbc-g6b4,2025-11-03 02:38:42.126441+00
59,xhbc-jdcx,2025-11-03 14:08:50.839008+00
60,xhbc-xzpn,2025-11-03 21:04:50.359837+00
61,xhbc-i9fc,2025-11-04 21:30:16.921235+00
62,Xhbc-i9fc,2025-11-04 21:37:19.984598+00
63,xhoc-jdex,2025-11-07 02:01:23.793861+00
64,xhbc-9fzd,2025-11-13 17:45:13.070755+00
65,xhbc-u5hh,2025-11-15 16:59:31.195289+00
66,xhbc-u5hh,2025-11-15 16:59:31.19728+00
67,xhbc-w5gt,2025-11-15 17:01:21.642817+00
68,xhbc-7nm5,2025-11-15 17:41:41.348532+00
69,xhbc-8cra,2025-11-15 18:00:54.480201+00
70,xhbc-b373,2025-11-15 18:10:08.207312+00
71,xhbc-wtbt,2025-11-15 18:14:51.091005+00
72,xhbc-vnvb,2025-11-15 18:23:09.113058+00
73,xhbc-gk95,2025-11-15 19:25:57.792362+00
74,xhbc-euq9,2025-11-15 20:09:11.334586+00
75,xhbc-82tm,2025-11-15 20:10:17.133636+00
76,xhbc-abwu,2025-11-15 20:33:53.580569+00
77,xhbc-63ee,2025-11-15 20:40:41.892687+00
78,xhbc-uffr,2025-11-15 21:22:54.658655+00
79,xhbc-iqpv,2025-11-15 22:11:38.152896+00
80,xhbc-8ppq,2025-11-15 23:34:42.90304+00
81,xhbc-vgq7,2025-11-15 23:44:09.898231+00
82,xhbc-y7ng,2025-11-16 00:18:40.839957+00
83,xhbc-gyrm,2025-11-16 00:23:17.574425+00
84,xhbc-8dhj,2025-11-16 00:40:39.275747+00
85,Xhbc-iui2,2025-11-16 00:53:32.356367+00
86,Xhbc-69h9,2025-11-16 01:21:10.276001+00
87,xhbc-iui2,2025-11-16 02:12:32.092081+00
88,xhbc-r2zu,2025-11-16 09:34:25.148979+00
89,xhbc-ky6c,2025-11-16 16:24:46.998864+00
90,xhbc-ukff,2025-11-16 16:25:36.700883+00
91,xhbc-jcfc,2025-11-16 17:07:44.711694+00
92,xhbc-99m4,2025-11-16 17:23:18.300749+00
93,xhbc-sdgk,2025-11-16 17:43:42.592995+00
94,xhbc-8h8r,2025-11-16 17:44:39.898159+00
95,xhbc-pe42,2025-11-16 17:50:47.045808+00
96,xhbc-quxz,2025-11-16 18:02:35.009948+00
97,xhbc-ge65,2025-11-16 18:11:22.48855+00
98,xhbc-a3nw,2025-11-16 18:21:37.683677+00
99,xhbc-giqt,2025-11-16 18:25:29.111361+00
100,xhbc-n944,2025-11-16 18:41:40.70092+00
101,xhbc-6cr9,2025-11-16 18:46:24.375783+00
102,xhbc-sb99,2025-11-16 18:54:02.694138+00
103,xhbc-9b9s,2025-11-16 18:57:19.334824+00
104,xhbc-wig6,2025-11-16 19:10:08.780683+00
105,xhbc-mgw7,2025-11-16 19:14:50.916827+00
106,xhbc-bebz,2025-11-16 19:51:44.836029+00
107,xhbc-pfp9,2025-11-16 19:54:39.201294+00
108,xhbc-fnea,2025-11-16 19:55:15.89074+00
109,xhbc-i2ze,2025-11-16 20:15:29.044372+00
110,xhbc-fqth,2025-11-16 20:23:40.627882+00
111,xhbc-6f6h,2025-11-16 20:26:29.073766+00
112,xhbc-bmg9,2025-11-16 20:41:01.46925+00
113,xhbc-sg4b,2025-11-16 20:52:26.804182+00
114,xhbc-3rz5,2025-11-16 21:03:11.179949+00
115,xhbc-j2wq,2025-11-16 21:30:14.361306+00
116,xhbc-8n69,2025-11-16 22:17:11.028141+00
117,xhbc-3ygg,2025-11-16 22:26:44.108589+00
118,xhbc-uiqj,2025-11-16 23:15:43.446505+00
119,xhbc-bbgq,2025-11-17 00:32:03.94986+00
120,xhbc-2scw,2025-11-17 00:40:30.391347+00
121,xhbc-9ygx,2025-11-17 01:06:38.581964+00
122,xhbc-ei4g,2025-11-17 01:18:23.170537+00
123,Xhbc-4rbb,2025-11-17 01:28:31.636424+00
124,xhbc-kmnj,2025-11-17 02:24:17.407675+00
125,xhbc-d6mr,2025-11-17 02:41:34.225858+00
126,xhbc-azhh,2025-11-17 02:41:59.553305+00
127,xhbc-pswg,2025-11-17 03:20:00.717319+00
128,xhbc-ye7f,2025-11-17 03:49:57.904312+00
129,xhbc-ttct,2025-11-17 04:10:50.094496+00
130,xhbc-hev8,2025-11-17 07:53:41.254279+00
131,xhbc-u7y4,2025-11-17 08:24:07.9471+00
132,xhbc-mhn7,2025-11-17 09:52:16.206381+00
133,xhbc-7grs,2025-11-17 10:18:59.045199+00
134,xhbc-gpe2,2025-11-17 13:39:49.440386+00
135,xhbc-emu3,2025-11-17 14:51:00.195584+00
136,xhbc-t8ib,2025-11-17 16:42:47.736045+00
137,xhbc-c9de,2025-11-17 17:15:48.59721+00
138,xhbc-wp2y,2025-11-17 17:26:35.072655+00
139,xhbc-4rcd,2025-11-17 18:23:15.683806+00
140,xhbc-mw58,2025-11-17 19:21:42.178795+00
141,xhbc-6sy6,2025-11-17 19:27:48.055637+00
142,xhbc-7azb,2025-11-17 19:35:42.222933+00
143,xhbc-m6n4,2025-11-17 19:39:12.485456+00
144,xhbc-ggyn,2025-11-17 19:45:54.636956+00
145,xhbc-2i6p,2025-11-17 20:16:07.651862+00
146,xhbc-cu5g,2025-11-17 20:33:23.550905+00
147,xhbc-gt9u,2025-11-17 20:49:28.728441+00
148,xhbc-n4fu,2025-11-17 21:26:26.052893+00
149,xhbc-7eqk,2025-11-17 22:11:39.737424+00
150,xhbc-cyip,2025-11-17 22:35:25.797831+00
151,xhbc-4gip,2025-11-18 00:24:55.723927+00
152,xhbc-c5hg,2025-11-18 00:54:54.711904+00
153,xhbc-fbh7,2025-11-18 02:18:06.290637+00
154,xhbc-x3u7,2025-11-18 03:40:38.296373+00
155,xhbc-fk5s,2025-11-18 04:06:39.702225+00
156,xhbc-7y2q,2025-11-18 16:14:38.737129+00
157,Xhbc-cpjn,2025-11-18 16:46:16.513941+00
158,xhbc-pjkb,2025-11-18 16:49:41.883098+00
159,xhbc-ebtp,2025-11-18 17:02:25.850901+00
160,xhbc-59qk,2025-11-18 17:09:45.498209+00
161,xhbc-5xfc,2025-11-18 17:22:53.834602+00
162,xhbc-f4pp,2025-11-18 17:32:58.371522+00
163,xhbc-atkg,2025-11-18 17:50:13.815307+00
164,xhbc-vsd6,2025-11-18 17:51:16.318245+00
165,xhbc-2ttx,2025-11-18 18:20:39.275644+00
166,xhbc-snnp,2025-11-18 18:20:48.761302+00
167,xhbc-75ca,2025-11-18 18:41:03.917451+00
168,xhbc-k6ct,2025-11-18 18:49:54.823882+00
169,xhbc-83f3,2025-11-18 19:04:22.100024+00
170,xhbc-8m4h,2025-11-18 19:13:59.853287+00
171,xhbc-vfvz,2025-11-18 19:17:10.720284+00
172,xhbc-ef7v,2025-11-18 19:27:18.161712+00
173,xhbc-hiy8,2025-11-18 19:40:50.161792+00
174,xhbc-ky9x,2025-11-18 19:41:52.072801+00
175,xhbc-mm86,2025-11-18 19:43:12.545484+00
176,xhbc-bx4w,2025-11-18 19:55:46.405921+00
177,xhbc-mpxr,2025-11-18 19:56:25.653001+00
178,xhbc-78yi,2025-11-18 20:17:06.062805+00
179,xhbc-t6c9,2025-11-18 20:29:40.618027+00
180,xhbc-sfrj,2025-11-18 20:52:12.731613+00
181,xhbc-zvtd,2025-11-18 21:04:02.207926+00
182,xhbc-p4xr,2025-11-18 21:11:34.392388+00
183,xhbc-gufx,2025-11-18 21:18:02.277978+00
184,xhbc-8r65,2025-11-18 21:41:32.419791+00
185,xhbc-7ytz,2025-11-18 21:46:59.781353+00
186,xhbc-cp8g,2025-11-18 22:09:22.270971+00
187,xhbc-kpgc,2025-11-18 22:14:14.501824+00
188,xhbc-trn6,2025-11-18 22:23:30.353024+00
189,xhbc-yads,2025-11-18 22:48:15.806721+00
190,xhbc-stqv,2025-11-18 22:53:22.760679+00
191,xhbc-78g3,2025-11-18 23:23:17.397112+00
192,xhbc-8ken,2025-11-18 23:26:48.882911+00
193,xhbc-wdku,2025-11-18 23:32:47.026111+00
194,xhbc-373r,2025-11-18 23:39:48.607569+00
195,xhbc-uycj,2025-11-18 23:54:16.497183+00
196,xhbc-c32b,2025-11-18 23:55:52.44057+00
197,xhbc-856i,2025-11-18 23:59:51.29106+00
198,xhbc-f82n,2025-11-19 00:09:15.368994+00
199,xhbc-y953,2025-11-19 00:27:44.34637+00
200,xhbc-se8h,2025-11-19 00:35:43.747175+00
201,xhbc-d54z,2025-11-19 00:51:02.585836+00
202,xhbc-iyd7,2025-11-19 01:04:47.679377+00
203,xhbc-yk54,2025-11-19 01:26:39.385744+00
204,xhbc-6g6e,2025-11-19 01:34:28.841385+00
205,Xhbc-e23b,2025-11-19 01:41:34.749243+00
206,xhbc-sdqi,2025-11-19 01:52:08.39845+00
207,xhbc-mu6z,2025-11-19 02:04:44.191019+00
208,xhbc-pwcx,2025-11-19 02:15:53.480698+00
209,xhbc-rkny,2025-11-19 02:26:38.496947+00
210,xhbc-z8hn,2025-11-19 02:37:12.10985+00
211,xhbc-9jmx,2025-11-19 02:45:20.104694+00
212,xhbc-ns53,2025-11-19 02:45:28.583943+00
213,xhbc-wrbd,2025-11-19 02:50:50.911798+00
214,xhbc-xt8p,2025-11-19 02:56:48.084547+00
215,xhbc-26ct,2025-11-19 03:01:33.07586+00
216,xhbc-tjyt,2025-11-19 03:12:15.082402+00
217,xhbc-85au,2025-11-19 03:15:51.048577+00
218,xhbc-viwa,2025-11-19 03:35:28.138387+00
219,xhbc-jm8g,2025-11-19 04:14:51.389016+00
220,xhbc-s39w,2025-11-19 04:35:57.227557+00
221,xhbc-9uw7,2025-11-19 04:41:34.046321+00
222,xhbc-qiw4,2025-11-19 04:42:10.157889+00
223,xhbc-8fai,2025-11-19 04:57:10.589198+00
224,xhbc-nxc8,2025-11-19 05:19:07.54696+00
225,xhbc-bfyw,2025-11-19 05:36:21.82264+00
226,xhbc-u4nh,2025-11-19 05:41:27.771407+00
227,xhbc-xna7,2025-11-19 05:41:58.133727+00
228,xhbc-wtga,2025-11-19 06:01:36.461494+00
229,xhbc-wsqe,2025-11-19 09:06:00.837849+00
230,xhbc-test,2025-11-19 10:22:10.484496+00
231,xhbc-tfqz,2025-11-19 10:59:19.754487+00
232,Xhbc-b5wv,2025-11-19 11:30:25.312435+00
233,Xhbc-wrbd,2025-11-19 12:24:12.666472+00
234,xhbc-3tyi,2025-11-19 12:44:47.989987+00
235,xhbc-3gyb,2025-11-19 12:49:19.295646+00
236,xhbc-widx,2025-11-19 13:39:57.253372+00
237,Xhbc-t3qk,2025-11-19 13:50:17.821461+00
238,xhbc-97vm,2025-11-19 14:56:59.413967+00
239,Hxbc-pnjn,2025-11-19 22:03:24.152745+00
240,hxbc-bfyw,2025-11-20 18:39:02.6413+00
241,Xhbc-wtga,2025-11-22 03:10:00.162849+00
242,xhbc-fuys,2025-11-24 14:56:02.188353+00
243,Chic-wtga,2025-11-25 06:51:03.425818+00
244,xhbc-i3qx,2025-11-26 06:03:59.983922+00
245,xhoc-t6c9,2025-11-28 01:21:58.782048+00
246,test-1234,2026-01-21 13:16:25.97569+00