id,user_id,started_at,ended_at,duration_seconds
1,yitgouhipjokp,2025-09-13 10:16:38.766848+00,2025-09-13 10:17:31.496985+00,52
2,yitgouhipjokp,2025-09-13 10:17:32.192863+00,2025-09-13 10:17:37.418749+00,5
3,4567890-=,2025-09-13 10:17:41.25956+00,2025-09-13 10:18:34.02824+00,52
4,dtrfyguhijokp,2025-09-13 10:26:58.952488+00,2025-09-13 10:27:03.175891+00,4
5,Nico6,2025-09-13 11:00:49.354925+00,2025-09-13 11:00:54.015998+00,4
6,Nico7,2025-09-13 11:03:14.996693+00,2025-09-13 18:21:23.639335+00,26288
7,Kathrin1,2025-09-13 17:56:58.154906+00,2025-09-13 17:57:20.178389+00,24
8,Kathrin1,2025-09-13 17:57:22.890791+00,2025-09-13 17:57:21.896876+00,2
9,Kathrin3,2025-09-13 18:00:06.900856+00,2025-09-13 18:00:15.350244+00,10
10,Kathrin3,2025-09-13 18:00:18.06206+00,2025-09-13 18:13:30.070669+00,795
11,65789,2025-09-13 18:21:16.675819+00,2025-09-13 18:24:34.576995+00,198
12,456789,2025-09-14 08:12:07.93486+00,2025-09-14 08:12:10.322617+00,2
13,456789,2025-09-14 08:13:03.387242+00,2025-09-14 08:21:33.901149+00,510
14,2345678,2025-09-14 08:23:32.476146+00,2025-09-14 08:38:18.254206+00,885
15,456789,2025-09-14 08:38:31.159361+00,2025-09-14 08:42:22.805297+00,231
16,456789,2025-09-14 08:42:23.528615+00,2025-09-14 08:42:23.999262+00,1
17,3456789,2025-09-14 08:45:16.12617+00,2025-09-14 08:46:45.817497+00,89
18,345678,2025-09-14 08:54:21.534731+00,2025-09-14 08:57:11.322645+00,170
19,45678,2025-09-14 08:57:17.184708+00,2025-09-14 09:00:49.189226+00,212
20,3456789,2025-09-14 09:03:36.427073+00,2025-09-14 09:03:55.273934+00,19
21,345678,2025-09-14 09:08:48.63553+00,2025-09-14 09:11:21.814129+00,153
22,345678,2025-09-14 09:11:28.686567+00,2025-09-14 09:13:03.026161+00,94
23,45678,2025-09-14 09:13:08.018846+00,2025-09-14 09:22:37.654194+00,569
24,4356789,2025-09-14 09:22:42.6828+00,2025-09-14 09:25:14.656995+00,151
25,3456789,2025-09-14 09:25:19.58549+00,2025-09-14 09:28:07.365169+00,167
26,456789,2025-09-14 09:28:11.915156+00,2025-09-14 09:33:20.875889+00,308
27,23456789,2025-09-14 09:33:31.307052+00,2025-09-14 09:35:38.698119+00,127
28,23456789,2025-09-14 09:35:39.671721+00,,
29,23456789,2025-09-14 09:35:38.983+00,2025-09-14 09:35:39.783771+00,0
30,23456789,2025-09-14 09:35:38.983+00,2025-09-14 09:35:39.783795+00,0
31,3456789,2025-09-14 09:35:44.818163+00,2025-09-14 09:37:03.304061+00,78
32,3456789,2025-09-14 09:37:03.494065+00,2025-09-14 09:43:02.51214+00,359
33,234567890,2025-09-14 09:43:08.564801+00,2025-09-14 09:46:58.329088+00,229
34,2345678,2025-09-14 09:47:05.110193+00,2025-09-14 09:51:28.12995+00,263
35,32456789,2025-09-14 09:51:36.039419+00,,
36,1234567890,2025-09-14 09:53:15.731632+00,2025-09-14 09:59:35.678142+00,380
37,Guokbvv,2025-09-14 09:54:47.576759+00,2025-09-14 09:55:02.105301+00,14
38,Gjkkkhhg,2025-09-14 09:57:33.317901+00,2025-09-14 09:58:07.450432+00,34
39,Kendkffb,2025-09-14 09:58:25.310301+00,,
40,Ok remeberance is of,2025-09-14 09:58:47.414805+00,2025-09-14 09:58:57.758482+00,10
41,Skdldlfn,2025-09-14 10:04:38.069392+00,2025-09-14 10:04:58.85315+00,20
42,Guokbvv,2025-09-14 10:05:14.845898+00,,
43,Nico,2025-09-14 10:56:23.675595+00,2025-09-14 10:56:33.424957+00,9
44,Nico,2025-09-14 10:56:35.354309+00,2025-09-14 10:57:04.84138+00,29
45,15,2025-09-14 12:48:04.902366+00,2025-09-14 12:48:28.176156+00,23
46,20,2025-09-14 12:49:16.432349+00,2025-09-14 14:55:48.083765+00,7591
47,Tudijdbfldn,2025-09-14 15:51:20.574434+00,,
48,xxx,2025-09-14 15:51:24.202033+00,,
49,Nico,2025-09-14 15:52:38.2148+00,2025-09-14 15:52:58.514937+00,20
50,Kendkffb,2025-09-14 15:54:58.200234+00,2025-09-14 15:55:01.551523+00,3
51,Nico,2025-09-14 16:32:11.74522+00,2025-09-14 16:32:27.631315+00,16
52,32141234,2025-09-15 06:15:47.100812+00,2025-09-15 06:15:59.37808+00,12
53,Nico456,2025-09-15 09:49:29.313489+00,2025-09-15 09:49:39.69055+00,10
54,Nico456,2025-09-15 09:49:48.060418+00,2025-09-15 09:49:56.02822+00,7
55,NicoCookie,2025-09-15 09:55:20.605053+00,2025-09-15 09:55:31.739964+00,10
56,NicoCookie,2025-09-15 10:00:55.366468+00,2025-09-15 10:03:46.401555+00,170
57,Nico123,2025-09-15 10:03:47.211858+00,2025-09-15 10:04:23.131592+00,35
58,Nico,2025-09-15 10:04:37.890132+00,2025-09-15 10:04:39.764799+00,2
59,Nico,2025-09-15 10:04:41.772483+00,2025-09-15 10:04:45.759726+00,3
60,A9dF3kLmP8tUvWxYzR5QhC2h,2025-09-15 11:59:19.630848+00,2025-09-15 11:59:31.455815+00,11
100,123456789012345678901234,2025-09-15 13:06:50.765138+00,2025-09-15 13:07:03.149609+00,12
140,NicoCookie,2025-09-16 09:10:51.427589+00,2025-09-16 09:46:58.888028+00,2168
141,NicoCookie,2025-09-16 10:16:33.068959+00,2025-09-16 10:16:42.471341+00,10
142,NicoCookie,2025-09-16 13:15:31.452744+00,2025-09-16 13:27:14.34886+00,706
143,123456789012345678901234,2025-09-16 18:49:31.285017+00,2025-09-16 19:12:04.589456+00,1353
144,123456789012346578909872,2025-09-16 18:49:32.564461+00,2025-09-16 18:50:06.490859+00,34
146,123456789012346578909872,2025-09-16 19:08:21.872023+00,,
147,123456789012345678901234,2025-09-16 19:08:39.513134+00,2025-09-16 19:08:47.524001+00,8
401,123456789012345678901234,2025-09-16 19:12:04.887885+00,2025-09-16 19:24:12.055245+00,727
475,123456789012345678901234,2025-09-16 19:24:11.925862+00,,
476,123456789012345678901234,2025-09-17 07:33:57.017052+00,,
477,123456789012345678901234,2025-09-17 07:35:01.014763+00,2025-09-17 07:35:08.828112+00,7
478,123456789012345678901234,2025-09-17 07:35:10.529359+00,2025-09-17 07:35:14.636638+00,4
479,123456789012345678901234,2025-09-17 14:43:44.071667+00,2025-09-17 15:16:57.378237+00,1993
480,123456789012345678901234,2025-09-17 14:43:59.61381+00,2025-09-17 14:44:20.409083+00,20
481,123456789012345678901234,2025-09-30 12:11:34.139831+00,2025-09-30 12:12:33.782117+00,59
482,123456789012345678901234,2025-10-08 19:26:31.293617+00,2025-10-08 19:26:43.173425+00,12
483,123456789012345678901234,2025-10-08 19:26:52.203713+00,2025-10-08 19:26:55.315715+00,3
484,123456789012345678901234,2025-10-19 16:22:39.315692+00,2025-10-19 16:23:32.630102+00,53
485,asssssssssssssssssssssss,2025-10-25 15:10:42.310125+00,2025-10-27 01:19:12.218179+00,122910
486,asssssssssssssssssssssss,2025-10-25 21:48:42.277605+00,2025-10-25 22:35:20.311915+00,2798
487,asssssssssssssssssssssss,2025-10-26 18:21:41.678888+00,2025-10-26 20:38:14.491008+00,8193
488,asssssssssssssssssssssss,2025-10-27 17:27:33.524918+00,2025-10-27 17:28:16.607306+00,44
489,111111111111111111111111,2025-10-27 21:01:16.376538+00,2025-10-27 21:01:26.07253+00,9
490,111111111111111111111111,2025-10-27 21:01:28.394149+00,2025-10-27 21:01:38.840621+00,10
491,asssssssssssssssssssssss,2025-10-28 22:41:49.990606+00,2025-10-29 00:53:50.547246+00,7921
492,xhbc-bzt6,2025-11-01 00:41:17.887832+00,2025-11-01 00:51:22.98812+00,605
493,xhbc-bzt6,2025-11-01 00:52:24.974299+00,2025-11-01 00:52:57.453768+00,34
494,xhbc-bzt6,2025-11-01 00:53:00.604594+00,2025-11-01 00:53:15.271216+00,14
495,xhbc-bzt6,2025-11-01 00:53:21.129417+00,2025-11-01 00:55:32.024249+00,131
496,xhbc-bzt6,2025-11-01 00:54:30.890663+00,2025-11-01 00:54:40.778947+00,9
497,xhbc-bzt6,2025-11-01 00:57:28.325176+00,2025-11-01 00:58:22.43883+00,54
498,xhbc-bzt6,2025-11-01 20:19:30.998649+00,2025-11-01 20:55:33.160244+00,2162
499,xhbc-sct3,2025-11-01 20:59:29.452544+00,2025-11-01 21:00:10.21643+00,40
500,xhbc-sct3,2025-11-01 21:00:10.431536+00,2025-11-01 21:00:32.975379+00,22
501,xhbc-sct3,2025-11-01 21:00:34.96879+00,2025-11-01 21:00:46.918824+00,12
502,xhbc-sct3,2025-11-01 21:24:20.912878+00,2025-11-01 21:25:03.54044+00,43
503,xhbc-sct3,2025-11-01 21:25:25.493187+00,2025-11-01 21:27:18.590398+00,113
504,xhbc-sct3,2025-11-01 21:27:21.760961+00,2025-11-01 21:27:26.653728+00,5
505,xhbc-sct3,2025-11-01 21:29:47.703826+00,2025-11-01 21:29:58.216704+00,10
506,xhbc-bzt6,2025-11-01 22:00:52.727961+00,2025-11-01 22:06:23.217266+00,330
507,xhbc-ist5,2025-11-02 00:18:18.039024+00,2025-11-02 00:18:47.58337+00,29
508,xhbc-ist5,2025-11-02 00:19:07.911993+00,2025-11-02 00:44:29.362347+00,1521
509,xhbc-ist5,2025-11-02 00:19:15.654624+00,2025-11-02 00:19:27.557323+00,12
510,xhbc-ist5,2025-11-02 00:19:31.756627+00,2025-11-02 00:19:35.564275+00,4
511,xhbc-ist5,2025-11-02 00:20:28.24253+00,2025-11-02 00:20:45.252558+00,17
512,xhbc-ist5,2025-11-02 00:27:44.726128+00,2025-11-02 00:27:59.941558+00,15
513,xhbc-sct3,2025-11-02 13:47:52.137695+00,,
514,xhbc-ist5,2025-11-02 14:04:19.162268+00,2025-11-02 14:04:38.593976+00,19
515,xhbc-ist5,2025-11-02 14:04:55.29984+00,2025-11-02 14:05:06.967022+00,11
516,xhbc-ist5,2025-11-02 14:52:30.935338+00,2025-11-02 14:52:49.267891+00,18
517,xhbc-bzt6,2025-11-02 23:17:05.158149+00,2025-11-02 23:30:48.399056+00,825
518,xhbc-g6b4,2025-11-03 02:39:02.046683+00,2025-11-03 02:40:00.212791+00,58
519,xhbc-g6b4,2025-11-03 02:40:19.535435+00,2025-11-03 02:40:33.735405+00,14
520,xhbc-g6b4,2025-11-03 02:41:10.07365+00,2025-11-03 03:35:45.210755+00,3275
521,xhbc-sct3,2025-11-03 02:58:04.618305+00,2025-11-03 02:58:45.780426+00,41
522,xhbc-sct3,2025-11-03 02:59:15.035006+00,2025-11-03 03:06:28.666587+00,433
523,xhbc-ist5,2025-11-03 03:28:35.813302+00,2025-11-03 03:28:50.053849+00,14
524,xhbc-bzt6,2025-11-03 03:32:51.571619+00,2025-11-03 03:34:56.736897+00,125
525,xhbc-ist5,2025-11-03 12:52:00.145943+00,2025-11-03 12:52:17.600894+00,17
526,xhbc-jdcx,2025-11-03 14:09:14.651648+00,2025-11-03 14:10:47.200848+00,92
527,xhbc-jdcx,2025-11-03 14:10:49.933109+00,2025-11-03 14:10:53.584144+00,3
528,xhbc-jdcx,2025-11-03 14:10:54.599188+00,2025-11-03 14:10:56.091418+00,1
529,xhbc-jdcx,2025-11-03 14:11:06.423057+00,2025-11-03 14:12:35.603058+00,89
530,xhbc-jdcx,2025-11-03 14:11:25.626998+00,2025-11-03 14:12:15.064589+00,49
531,xhbc-jdcx,2025-11-03 14:12:42.100228+00,,
532,xhbc-jdcx,2025-11-03 18:16:20.831619+00,2025-11-03 18:16:41.579455+00,21
533,xhbc-jdcx,2025-11-03 18:16:41.918242+00,2025-11-03 18:17:12.924929+00,31
534,xhbc-bzt6,2025-11-03 18:49:23.496705+00,2025-11-03 19:15:28.376393+00,1564
535,xhbc-xzpn,2025-11-03 21:05:35.837769+00,2025-11-03 21:07:38.903389+00,123
536,xhbc-xzpn,2025-11-03 21:06:49.28025+00,2025-11-03 21:07:37.797105+00,48
537,xhbc-xzpn,2025-11-03 21:06:48.966+00,2025-11-03 21:07:01.328596+00,12
538,xhbc-xzpn,2025-11-03 21:07:23.13939+00,2025-11-03 21:07:36.090258+00,13
539,xhbc-xzpn,2025-11-03 21:09:55.781342+00,2025-11-03 21:12:18.037491+00,144
540,xhbc-xzpn,2025-11-03 21:13:18.040866+00,2025-11-03 21:14:30.194002+00,72
541,xhbc-bzt6,2025-11-03 21:26:09.80558+00,2025-11-03 21:59:56.410599+00,2026
542,xhbc-g6b4,2025-11-04 06:22:31.270206+00,2025-11-04 06:22:36.171004+00,7
543,xhbc-bzt6,2025-11-04 14:18:15.002326+00,2025-11-04 14:21:13.781961+00,178
544,xhbc-ist5,2025-11-04 17:08:06.225359+00,2025-11-04 17:36:12.800463+00,1686
545,xhbc-i9fc,2025-11-04 21:30:48.712533+00,2025-11-04 21:32:12.700022+00,84
546,xhbc-i9fc,2025-11-04 21:32:12.964428+00,2025-11-04 21:36:46.835711+00,274
547,Xhbc-i9fc,2025-11-04 21:38:43.424656+00,2025-11-04 21:54:56.871093+00,973
548,Xhbc-i9fc,2025-11-04 21:55:01.590783+00,2025-11-04 21:55:08.993098+00,7
549,xhbc-xzpn,2025-11-04 23:05:06.020619+00,2025-11-04 23:05:37.871039+00,32
550,xhbc-xzpn,2025-11-04 23:16:57.176316+00,2025-11-04 23:21:11.155927+00,254
551,xhbc-jdcx,2025-11-04 23:55:06.419881+00,2025-11-04 23:56:16.52498+00,70
552,xhbc-jdcx,2025-11-04 23:56:38.329593+00,2025-11-04 23:57:04.423853+00,26
553,xhbc-jdcx,2025-11-04 23:57:59.548896+00,2025-11-04 23:58:01.951667+00,2
554,xhbc-jdcx,2025-11-04 23:58:07.242702+00,2025-11-04 23:58:32.754597+00,25
555,xhbc-jdcx,2025-11-05 00:01:42.984124+00,,
556,xhbc-bzt6,2025-11-05 01:26:03.700472+00,2025-11-05 01:26:23.862939+00,20
557,xhbc-bzt6,2025-11-05 05:28:09.527442+00,2025-11-05 05:30:48.813668+00,159
558,xhbc-ist5,2025-11-05 13:08:12.265798+00,2025-11-05 13:08:24.712225+00,12
559,xhbc-bzt6,2025-11-05 13:56:27.443394+00,2025-11-05 14:06:53.877994+00,626
560,xhbc-bzt6,2025-11-05 15:07:59.24555+00,2025-11-05 15:08:51.346333+00,52
561,xhbc-ist5,2025-11-05 15:12:41.504203+00,2025-11-05 15:12:44.391031+00,3
562,xhbc-bzt6,2025-11-05 15:50:28.478678+00,2025-11-05 15:53:32.550231+00,184
563,xhbc-xzpn,2025-11-05 16:39:58.26093+00,2025-11-05 16:47:15.58878+00,437
564,xhbc-bzt6,2025-11-05 16:44:07.431751+00,2025-11-05 16:44:26.136315+00,18
565,xhbc-xzpn,2025-11-05 17:17:00.818886+00,2025-11-05 17:17:23.806678+00,23
566,Xhbc-i9fc,2025-11-05 17:20:44.602543+00,2025-11-05 17:31:46.334512+00,661
567,xhbc-i9fc,2025-11-05 17:23:59.251941+00,2025-11-05 17:24:06.94885+00,7
568,xhbc-sct3,2025-11-05 17:38:03.214188+00,2025-11-05 17:38:14.703437+00,11
569,xhbc-ist5,2025-11-05 17:50:08.098832+00,2025-11-05 17:50:12.474567+00,4
570,xhbc-g6b4,2025-11-05 19:19:06.816899+00,2025-11-05 19:19:21.692198+00,14
571,xhbc-g6b4,2025-11-05 19:19:23.601657+00,2025-11-05 19:19:35.453525+00,11
572,xhbc-g6b4,2025-11-05 19:19:37.611962+00,2025-11-05 19:19:39.33312+00,1
573,xhbc-xzpn,2025-11-05 22:06:06.876563+00,2025-11-05 22:06:35.833246+00,29
574,xhbc-xzpn,2025-11-06 00:07:11.95708+00,2025-11-06 00:07:29.218968+00,17
575,xhbc-xzpn,2025-11-06 00:07:32.120215+00,2025-11-06 00:07:34.73044+00,2
576,xhbc-xzpn,2025-11-06 01:24:16.103194+00,2025-11-06 01:24:41.629362+00,25
577,xhbc-i9fc,2025-11-06 02:39:00.706521+00,2025-11-06 02:39:02.089445+00,4
578,xhbc-jdcx,2025-11-06 03:57:50.609313+00,2025-11-06 03:58:14.415519+00,23
579,xhbc-jdcx,2025-11-06 03:58:16.246215+00,2025-11-06 03:59:19.657503+00,63
580,xhbc-bzt6,2025-11-06 04:03:22.760428+00,2025-11-06 04:11:39.617059+00,496
581,xhbc-xzpn,2025-11-06 12:36:10.660592+00,2025-11-06 12:37:16.96014+00,66
582,xhbc-ist5,2025-11-06 13:16:44.681344+00,2025-11-06 13:17:04.533734+00,20
583,xhbc-i9fc,2025-11-06 16:08:58.601253+00,2025-11-06 16:09:36.290643+00,37
584,xhbc-g6b4,2025-11-06 17:05:02.946305+00,2025-11-06 17:05:19.768984+00,18
585,xhbc-g6b4,2025-11-06 23:52:36.938628+00,2025-11-06 23:53:42.426712+00,65
586,xhoc-jdex,2025-11-07 02:01:28.363064+00,2025-11-07 02:02:05.746415+00,37
587,xhoc-jdex,2025-11-07 02:19:36.279997+00,,
588,xhbc-bzt6,2025-11-07 15:02:48.021078+00,2025-11-07 15:04:33.218905+00,105
589,xhbc-ist5,2025-11-07 16:11:49.773443+00,2025-11-07 16:11:58.566175+00,8
590,xhbc-xzpn,2025-11-07 16:39:25.377491+00,2025-11-07 16:40:26.129386+00,61
591,xhbc-sct3,2025-11-08 04:19:34.602385+00,2025-11-08 04:19:48.503659+00,14
592,xhbc-ist5,2025-11-08 04:20:09.928428+00,2025-11-08 04:20:12.632582+00,2
593,xhbc-ist5,2025-11-08 13:41:24.533006+00,2025-11-08 13:41:30.522055+00,6
594,xhbc-xzpn,2025-11-08 14:48:23.229658+00,2025-11-08 14:48:35.706141+00,12
595,xhbc-xzpn,2025-11-08 16:30:20.581956+00,2025-11-08 16:30:26.774791+00,6
596,xhbc-xzpn,2025-11-08 23:50:11.221303+00,2025-11-08 23:52:11.532961+00,120
597,xhoc-jdex,2025-11-09 04:35:15.636181+00,2025-11-09 05:40:40.268971+00,3924
598,xhoc-jdex,2025-11-09 05:51:39.811997+00,,
599,xhbc-xzpn,2025-11-09 13:51:00.676199+00,2025-11-09 13:51:28.797298+00,28
600,xhbc-ist5,2025-11-09 21:27:28.858736+00,2025-11-09 21:27:42.608187+00,13
601,xhoc-jdex,2025-11-09 21:51:05.383292+00,2025-11-09 21:51:20.414524+00,15
602,xhoc-jdex,2025-11-10 00:30:43.803818+00,,
603,xhbc-bzt6,2025-11-10 14:53:25.129685+00,2025-11-10 15:17:01.265235+00,1416
604,xhbc-ist5,2025-11-10 21:58:55.054592+00,2025-11-10 21:59:00.108922+00,5
605,xhbc-g6b4,2025-11-10 22:56:45.804578+00,2025-11-10 23:00:48.681189+00,243
606,xhbc-xzpn,2025-11-10 23:51:20.372195+00,2025-11-10 23:51:29.272395+00,9
607,xhoc-jdex,2025-11-11 02:17:54.669468+00,2025-11-11 02:20:18.889165+00,144
608,xhoc-jdex,2025-11-11 02:53:42.16+00,2025-11-11 02:53:44.56629+00,2
609,xhoc-jdex,2025-11-11 02:53:45.130609+00,,
610,xhoc-jdex,2025-11-11 03:31:40.880987+00,,
611,xhbc-i9fc,2025-11-11 04:39:43.666217+00,2025-11-11 04:40:04.630736+00,21
612,xhbc-ist5,2025-11-11 19:39:37.787993+00,2025-11-11 19:39:43.151077+00,5
613,xhbc-sct3,2025-11-11 21:02:25.507183+00,2025-11-11 21:02:31.673082+00,6
614,xhbc-bzt6,2025-11-12 00:49:59.367199+00,2025-11-12 00:59:31.128705+00,571
615,xhoc-jdex,2025-11-12 07:48:22.057337+00,2025-11-12 08:15:13.403844+00,1611
616,xhbc-ist5,2025-11-12 14:34:13.716812+00,2025-11-12 14:34:18.416828+00,4
617,xhbc-bzt6,2025-11-13 02:11:52.387235+00,2025-11-13 02:21:05.386533+00,553
618,xhbc-xzpn,2025-11-13 13:02:23.062495+00,2025-11-13 13:02:32.422168+00,12
619,xhbc-g6b4,2025-11-13 13:50:14.504135+00,2025-11-13 13:50:20.941815+00,6
620,xhbc-9fzd,2025-11-13 17:45:18.76034+00,2025-11-13 17:45:41.230941+00,22
621,xhoc-jdex,2025-11-14 01:51:29.348789+00,2025-11-14 01:51:40.490224+00,11
622,xhoc-jdex,2025-11-14 02:06:07.79472+00,,
623,xhbc-xzpn,2025-11-14 02:30:51.537624+00,2025-11-14 02:31:10.164067+00,19
624,xhoc-jdex,2025-11-15 04:44:46.385649+00,2025-11-15 04:44:55.311011+00,9
625,xhbc-w5gt,2025-11-15 17:01:36.802375+00,2025-11-15 17:02:03.047552+00,26
626,xhbc-u5hh,2025-11-15 17:03:32.058343+00,2025-11-15 17:05:52.841801+00,141
627,xhbc-7nm5,2025-11-15 17:41:49.10928+00,2025-11-15 19:20:47.041157+00,5938
628,xhbc-8cra,2025-11-15 18:01:23.991887+00,2025-11-15 18:01:34.468157+00,10
629,xhbc-b373,2025-11-15 18:10:51.835277+00,2025-11-15 18:12:04.418002+00,72
630,xhbc-wtbt,2025-11-15 18:15:03.376917+00,2025-11-15 18:15:10.051173+00,6
631,xhoc-jdex,2025-11-15 18:18:22.060105+00,,
632,xhbc-vnvb,2025-11-15 18:23:17.365885+00,2025-11-15 18:23:37.298656+00,20
633,xhbc-u5hh,2025-11-15 19:07:34.720076+00,2025-11-15 19:15:18.839325+00,465
634,xhbc-gk95,2025-11-15 19:27:53.690828+00,2025-11-15 19:28:50.011243+00,56
635,xhbc-gk95,2025-11-15 19:28:35.558307+00,2025-11-15 19:28:48.501119+00,13
636,xhbc-u5hh,2025-11-15 19:58:10.085812+00,2025-11-15 20:00:49.126812+00,159
637,xhbc-82tm,2025-11-15 20:10:28.288911+00,2025-11-15 20:10:43.422684+00,15
638,xhbc-euq9,2025-11-15 20:10:38.514816+00,2025-11-15 20:10:56.748863+00,18
639,xhbc-82tm,2025-11-15 20:11:10.315638+00,2025-11-15 20:11:16.280459+00,6
640,xhbc-7nm5,2025-11-15 20:25:32.566832+00,,
641,xhbc-abwu,2025-11-15 20:34:41.636489+00,2025-11-15 20:34:56.3668+00,15
642,xhbc-abwu,2025-11-15 20:35:02.544036+00,2025-11-15 20:35:09.02315+00,6
643,xhbc-abwu,2025-11-15 20:35:39.474328+00,2025-11-15 20:35:54.653083+00,15
644,xhbc-abwu,2025-11-15 20:38:47.460134+00,2025-11-15 20:38:58.484444+00,11
645,xhbc-63ee,2025-11-15 20:40:52.348993+00,2025-11-15 20:42:13.047893+00,80
646,xhbc-82tm,2025-11-15 20:42:43.19068+00,2025-11-15 20:42:45.985801+00,3
647,xhbc-uffr,2025-11-15 21:23:17.221783+00,2025-11-15 21:23:55.131372+00,38
648,xhbc-uffr,2025-11-15 21:24:32.701381+00,2025-11-15 21:25:05.921641+00,33
649,xhbc-uffr,2025-11-15 21:46:18.61561+00,,
650,xhbc-uffr,2025-11-15 21:46:15.891+00,2025-11-15 21:46:20.116017+00,4
651,xhbc-82tm,2025-11-15 22:01:32.922804+00,,
652,xhbc-8cra,2025-11-15 22:11:26.689853+00,2025-11-15 22:11:44.698411+00,18
653,xhbc-iqpv,2025-11-15 22:11:57.571308+00,2025-11-15 22:14:15.853588+00,138
654,xhbc-iqpv,2025-11-15 22:13:15.744539+00,2025-11-15 22:14:15.220374+00,59
655,xhbc-iqpv,2025-11-15 22:14:46.103547+00,2025-11-15 22:16:32.441117+00,106
656,xhbc-bzt6,2025-11-15 23:14:53.933917+00,2025-11-15 23:16:31.543366+00,99
657,xhbc-8ppq,2025-11-15 23:35:16.339764+00,2025-11-15 23:35:23.727917+00,7
658,xhbc-8ppq,2025-11-15 23:35:28.863065+00,2025-11-15 23:48:14.267215+00,765
659,xhbc-vgq7,2025-11-15 23:45:38.494391+00,,
660,xhbc-vgq7,2025-11-15 23:45:49.060923+00,,
661,xhbc-vgq7,2025-11-15 23:45:48.754+00,2025-11-15 23:46:01.241498+00,12
662,xhbc-vgq7,2025-11-15 23:45:38.172+00,2025-11-15 23:47:45.836803+00,127
663,xhbc-y7ng,2025-11-16 00:18:57.452483+00,2025-11-16 00:20:49.194027+00,111
664,xhbc-gyrm,2025-11-16 00:23:31.608189+00,2025-11-16 00:23:39.154474+00,7
665,xhbc-gyrm,2025-11-16 00:24:05.753838+00,2025-11-16 00:24:28.955116+00,23
666,xhbc-w5gt,2025-11-16 00:45:50.129702+00,2025-11-16 00:53:52.161508+00,482
667,Xhbc-iui2,2025-11-16 00:53:49.57705+00,2025-11-16 00:54:15.295438+00,25
668,Xhbc-iui2,2025-11-16 00:54:18.152726+00,2025-11-16 00:54:34.348869+00,16
669,Xhbc-iui2,2025-11-16 00:58:25.422178+00,2025-11-16 02:15:42.955591+00,4637
670,Xhbc-69h9,2025-11-16 01:21:30.648556+00,2025-11-16 01:22:52.342167+00,81
671,Xhbc-69h9,2025-11-16 01:23:40.01788+00,2025-11-16 01:28:52.186984+00,312
672,Xhbc-69h9,2025-11-16 01:30:51.193574+00,2025-11-16 01:31:54.846487+00,63
673,Xhbc-69h9,2025-11-16 01:34:12.704971+00,2025-11-16 01:35:41.814234+00,89
674,Xhbc-69h9,2025-11-16 01:35:41.977354+00,2025-11-16 01:36:38.156955+00,56
675,xhbc-xzpn,2025-11-16 01:40:03.95558+00,2025-11-16 01:40:41.32402+00,37
676,xhbc-iui2,2025-11-16 02:12:43.124296+00,2025-11-16 02:14:58.927329+00,135
677,Xhbc-iui2,2025-11-16 02:15:02.723865+00,,
678,Xhbc-69h9,2025-11-16 02:15:23.016439+00,2025-11-16 02:15:37.571931+00,16
679,Xhbc-69h9,2025-11-16 02:21:02.099412+00,2025-11-16 02:23:39.095001+00,157
680,Xhbc-69h9,2025-11-16 02:23:39.366001+00,2025-11-16 02:24:26.488126+00,47
681,Xhbc-69h9,2025-11-16 02:29:56.723692+00,2025-11-16 02:30:54.752168+00,58
682,Xhbc-69h9,2025-11-16 02:30:55.308666+00,2025-11-16 02:31:43.507546+00,48
683,Xhbc-69h9,2025-11-16 02:31:44.041045+00,2025-11-16 02:32:18.231085+00,34
684,Xhbc-69h9,2025-11-16 02:32:18.346273+00,2025-11-16 02:32:26.671228+00,8
685,Xhbc-69h9,2025-11-16 02:33:29.664067+00,2025-11-16 02:37:09.988918+00,220
686,Xhbc-69h9,2025-11-16 02:40:07.326829+00,2025-11-16 02:40:18.049631+00,10
687,xhbc-8dhj,2025-11-16 05:06:11.419302+00,,
688,Xhbc-69h9,2025-11-16 07:17:21.717659+00,2025-11-16 07:18:03.279801+00,41
689,Xhbc-69h9,2025-11-16 07:18:26.770548+00,2025-11-16 07:18:29.132506+00,2
690,Xhbc-69h9,2025-11-16 07:18:51.488688+00,2025-11-16 07:18:56.941693+00,5
691,Xhbc-69h9,2025-11-16 07:19:18.289556+00,,
692,Xhbc-69h9,2025-11-16 07:21:42.503481+00,2025-11-16 07:21:52.678822+00,10
693,xhbc-r2zu,2025-11-16 09:34:38.363899+00,2025-11-16 09:46:20.381904+00,702
694,xhbc-r2zu,2025-11-16 09:46:01.080528+00,2025-11-16 09:46:18.480726+00,18
695,xhbc-r2zu,2025-11-16 09:46:30.91575+00,2025-11-16 09:51:40.245896+00,309
696,xhbc-bzt6,2025-11-16 13:53:21.824108+00,2025-11-16 13:55:29.879633+00,128
697,xhbc-ky6c,2025-11-16 16:24:57.055653+00,2025-11-16 16:25:03.815477+00,6
698,xhbc-ky6c,2025-11-16 16:25:21.645585+00,2025-11-16 16:25:45.890547+00,24
699,xhbc-ukff,2025-11-16 16:26:16.809723+00,2025-11-16 16:33:23.618236+00,427
700,xhbc-ky6c,2025-11-16 16:59:26.74934+00,,
701,xhbc-jcfc,2025-11-16 17:08:40.736351+00,2025-11-16 17:12:48.708743+00,248
702,xhbc-99m4,2025-11-16 17:24:45.059349+00,2025-11-16 17:33:22.917068+00,518
703,xhbc-99m4,2025-11-16 17:30:52.965173+00,2025-11-16 17:31:40.211892+00,47
704,xhbc-99m4,2025-11-16 17:32:22.147947+00,2025-11-16 17:33:02.227744+00,40
705,xhbc-99m4,2025-11-16 17:33:02.561672+00,2025-11-16 17:33:24.058768+00,21
706,xhbc-sdgk,2025-11-16 17:43:49.217162+00,2025-11-16 17:44:07.868024+00,18
707,xhbc-8h8r,2025-11-16 17:45:52.633437+00,2025-11-16 17:46:27.516702+00,35
708,xhbc-pe42,2025-11-16 17:50:56.678367+00,2025-11-16 17:52:46.803985+00,110
709,xhbc-pe42,2025-11-16 17:55:23.706801+00,2025-11-16 17:55:43.330319+00,19
710,xhbc-quxz,2025-11-16 18:03:45.419702+00,,
711,xhbc-quxz,2025-11-16 18:03:45.113+00,2025-11-16 18:04:03.432696+00,18
712,xhbc-ge65,2025-11-16 18:11:29.908679+00,2025-11-16 18:12:51.837684+00,82
713,xhbc-a3nw,2025-11-16 18:21:51.519436+00,2025-11-16 18:22:56.166089+00,64
714,xhbc-giqt,2025-11-16 18:25:46.272207+00,2025-11-16 19:37:53.693603+00,4327
715,xhbc-giqt,2025-11-16 18:27:15.071338+00,2025-11-16 18:27:28.825892+00,14
716,xhbc-n944,2025-11-16 18:42:19.142244+00,,
717,xhbc-n944,2025-11-16 18:42:29.04813+00,2025-11-16 18:46:06.657475+00,217
718,xhbc-n944,2025-11-16 18:42:18.824+00,2025-11-16 18:45:54.457958+00,215
719,xhbc-n944,2025-11-16 18:42:18.824+00,2025-11-16 18:46:04.211739+00,225
720,xhbc-n944,2025-11-16 18:42:18.824+00,2025-11-16 18:46:07.509906+00,228
721,xhbc-6cr9,2025-11-16 18:47:03.354653+00,2025-11-16 18:47:13.443786+00,10
722,xhbc-6cr9,2025-11-16 18:50:52.260324+00,2025-11-16 18:51:28.048229+00,36
723,xhbc-sb99,2025-11-16 18:54:32.611111+00,2025-11-16 18:57:38.379165+00,185
724,xhbc-9b9s,2025-11-16 18:57:46.771669+00,2025-11-16 18:59:06.027686+00,79
725,xhbc-9b9s,2025-11-16 18:58:47.936648+00,,
726,xhbc-9b9s,2025-11-16 18:59:30.055444+00,2025-11-16 18:59:53.096203+00,23
727,xhbc-wig6,2025-11-16 19:10:21.46162+00,2025-11-16 19:10:44.991974+00,23
728,xhbc-mgw7,2025-11-16 19:15:34.361771+00,2025-11-16 19:25:31.469638+00,597
729,xhbc-mgw7,2025-11-16 19:16:00.002311+00,2025-11-16 19:16:11.859124+00,11
730,xhbc-a3nw,2025-11-16 19:42:09.942935+00,2025-11-16 19:42:17.582076+00,8
731,xhbc-bebz,2025-11-16 19:52:21.608028+00,2025-11-16 19:52:25.299924+00,3
732,xhbc-pfp9,2025-11-16 19:55:16.757125+00,2025-11-16 19:55:36.156214+00,19
733,xhbc-fnea,2025-11-16 19:55:36.779242+00,2025-11-16 19:56:19.569711+00,42
734,xhbc-fqth,2025-11-16 20:24:24.125253+00,2025-11-16 20:24:58.943297+00,35
735,xhbc-fqth,2025-11-16 20:24:36.036506+00,2025-11-16 20:26:48.762921+00,132
736,xhbc-fqth,2025-11-16 20:25:00.524938+00,2025-11-16 20:25:05.500367+00,5
737,xhbc-fqth,2025-11-16 20:26:49.902782+00,2025-11-16 20:27:39.311421+00,49
738,xhbc-6f6h,2025-11-16 20:26:56.537591+00,2025-11-16 20:27:20.484489+00,24
739,xhbc-6f6h,2025-11-16 20:27:39.363136+00,2025-11-16 20:28:40.391437+00,61
740,xhbc-6f6h,2025-11-16 20:28:42.296423+00,2025-11-16 20:28:43.930303+00,1
741,xhbc-bmg9,2025-11-16 20:41:23.820019+00,2025-11-16 20:42:41.977059+00,78
742,xhbc-bmg9,2025-11-16 20:41:33.398596+00,2025-11-16 20:43:40.626894+00,127
743,xhbc-bmg9,2025-11-16 20:44:12.121032+00,,
744,xhbc-sg4b,2025-11-16 20:52:34.904748+00,2025-11-16 20:52:51.794598+00,16
745,xhbc-sg4b,2025-11-16 20:53:20.803831+00,2025-11-16 20:53:25.627117+00,5
746,xhbc-sg4b,2025-11-16 20:57:16.971803+00,2025-11-16 20:57:18.525742+00,2
747,xhbc-3rz5,2025-11-16 21:03:25.178429+00,2025-11-16 21:03:44.064262+00,19
748,xhbc-ukff,2025-11-16 21:12:36.393692+00,2025-11-17 07:36:34.977551+00,37440
749,xhbc-pfp9,2025-11-16 21:12:38.566499+00,2025-11-16 21:12:51.718546+00,13
750,xhbc-j2wq,2025-11-16 21:30:19.167829+00,2025-11-16 21:30:33.513679+00,14
751,xhbc-6f6h,2025-11-16 21:44:12.293062+00,2025-11-16 21:44:20.160021+00,10
752,xhbc-uffr,2025-11-16 22:10:38.18884+00,,
753,xhbc-8n69,2025-11-16 22:17:17.03247+00,2025-11-16 22:17:45.001611+00,28
754,xhbc-3ygg,2025-11-16 22:27:00.084174+00,2025-11-16 22:28:06.161313+00,66
755,xhbc-uffr,2025-11-16 22:36:11.332286+00,2025-11-16 22:36:14.709474+00,3
756,xhbc-uffr,2025-11-16 22:44:30.421897+00,2025-11-16 22:44:32.080875+00,2
757,xhbc-sg4b,2025-11-16 23:10:37.292087+00,,
758,xhbc-sg4b,2025-11-16 23:10:37.503308+00,2025-11-16 23:10:39.60851+00,2
759,xhbc-uiqj,2025-11-16 23:17:05.00359+00,2025-11-16 23:17:47.374869+00,42
760,xhbc-bbgq,2025-11-17 00:32:29.260678+00,2025-11-17 00:45:28.405346+00,779
761,xhbc-2scw,2025-11-17 00:40:39.060608+00,2025-11-17 00:41:07.762087+00,28
762,xhbc-2scw,2025-11-17 00:41:30.113218+00,2025-11-17 00:41:31.167146+00,1
763,xhbc-i9fc,2025-11-17 00:44:37.199113+00,2025-11-17 00:44:43.357279+00,6
764,xhbc-i2ze,2025-11-17 00:50:13.704681+00,2025-11-17 02:36:23.340125+00,6369
765,xhbc-9ygx,2025-11-17 01:06:46.968025+00,2025-11-17 01:06:59.877222+00,13
766,xhbc-3ygg,2025-11-17 01:07:18.694704+00,2025-11-17 01:07:18.887978+00,0
767,xhbc-9ygx,2025-11-17 01:07:20.460315+00,2025-11-17 01:07:26.894911+00,6
768,xhbc-3ygg,2025-11-17 01:16:01.304678+00,2025-11-17 01:16:05.149398+00,4
769,xhbc-3ygg,2025-11-17 01:16:06.825018+00,2025-11-17 01:19:13.665525+00,187
770,xhbc-ei4g,2025-11-17 01:18:30.349785+00,2025-11-17 01:18:39.167448+00,8
771,xhbc-ei4g,2025-11-17 01:19:13.808241+00,2025-11-17 01:19:26.987875+00,13
772,Xhbc-4rbb,2025-11-17 01:29:28.190003+00,2025-11-17 01:30:31.998067+00,63
773,xhbc-sdgk,2025-11-17 01:31:09.422664+00,2025-11-17 01:31:09.952038+00,0
774,xhoc-jdex,2025-11-17 02:10:16.778006+00,2025-11-17 02:10:50.735174+00,34
775,xhbc-n944,2025-11-17 02:18:35.576054+00,2025-11-17 02:19:10.297702+00,35
776,xhbc-n944,2025-11-17 02:18:35.014+00,2025-11-17 02:18:36.72988+00,1
777,xhbc-kmnj,2025-11-17 02:24:22.022019+00,2025-11-17 02:24:49.84146+00,28
778,xhbc-kmnj,2025-11-17 02:25:16.720809+00,2025-11-17 02:25:17.752722+00,1
779,xhbc-azhh,2025-11-17 02:42:07.971969+00,2025-11-17 02:42:25.893358+00,18
780,xhbc-d6mr,2025-11-17 02:43:13.294422+00,2025-11-17 02:44:48.457922+00,96
781,xhbc-d6mr,2025-11-17 02:44:58.068505+00,2025-11-17 02:45:41.797027+00,43
782,xhbc-d6mr,2025-11-17 02:45:47.098835+00,2025-11-17 02:46:52.216396+00,65
783,xhbc-d6mr,2025-11-17 02:50:11.893947+00,2025-11-17 02:50:12.614549+00,1
784,xhbc-d6mr,2025-11-17 02:50:12.672248+00,2025-11-17 02:50:13.789165+00,1
785,xhbc-d6mr,2025-11-17 02:52:53.527799+00,2025-11-17 02:52:57.690106+00,4
786,xhbc-d6mr,2025-11-17 02:55:32.453644+00,2025-11-17 02:55:51.231952+00,19
787,xhbc-uffr,2025-11-17 03:07:18.863183+00,,
788,xhbc-d6mr,2025-11-17 03:10:41.399602+00,2025-11-17 03:10:52.973486+00,20
789,xhbc-pswg,2025-11-17 03:20:26.807955+00,2025-11-17 03:21:58.36179+00,91
790,xhbc-ye7f,2025-11-17 03:50:18.490683+00,2025-11-17 03:51:01.194174+00,42
791,xhbc-ye7f,2025-11-17 03:51:46.882595+00,2025-11-17 03:51:48.96884+00,2
792,xhbc-ye7f,2025-11-17 03:51:59.575103+00,2025-11-17 03:52:20.20622+00,20
793,xhbc-3ygg,2025-11-17 03:56:08.371995+00,2025-11-17 03:56:15.102983+00,7
794,xhbc-ttct,2025-11-17 04:10:55.808185+00,2025-11-17 05:25:58.744682+00,4503
795,xhbc-xzpn,2025-11-17 04:21:05.897469+00,2025-11-17 04:21:29.99732+00,24
796,xhbc-xzpn,2025-11-17 04:21:34.659339+00,2025-11-17 04:25:15.299672+00,220
797,xhbc-azhh,2025-11-17 04:26:42.616899+00,,
798,xhbc-xzpn,2025-11-17 04:33:16.117705+00,,
799,xhbc-xzpn,2025-11-17 04:33:53.310766+00,,
800,xhbc-xzpn,2025-11-17 04:33:52.337+00,2025-11-17 04:35:09.526132+00,77
801,xhbc-xzpn,2025-11-17 04:35:16.820292+00,,
802,xhbc-xzpn,2025-11-17 04:35:16.293+00,2025-11-17 04:35:31.045902+00,14
803,xhbc-xzpn,2025-11-17 04:33:15.825+00,2025-11-17 04:42:57.465901+00,581
804,xhbc-8h8r,2025-11-17 06:45:55.437737+00,2025-11-17 06:47:01.629662+00,66
805,xhbc-hev8,2025-11-17 07:54:15.833147+00,2025-11-17 07:54:18.60315+00,3
806,xhbc-hev8,2025-11-17 07:54:20.490764+00,2025-11-17 07:59:08.283215+00,287
807,xhbc-u7y4,2025-11-17 08:24:18.310886+00,2025-11-17 08:26:01.239405+00,103
808,xhbc-mhn7,2025-11-17 09:52:23.067917+00,2025-11-17 09:55:47.861867+00,205
809,xhbc-mhn7,2025-11-17 09:55:51.404344+00,2025-11-17 09:55:56.880059+00,5
810,xhbc-mhn7,2025-11-17 09:57:20.345521+00,2025-11-17 09:59:27.159169+00,127
811,xhbc-pswg,2025-11-17 10:18:10.201962+00,2025-11-17 10:18:16.031005+00,8
812,xhbc-7grs,2025-11-17 10:19:05.326023+00,2025-11-17 10:19:32.345255+00,27
813,xhbc-7grs,2025-11-17 10:19:43.738509+00,2025-11-17 10:20:56.660023+00,73
814,xhbc-gpe2,2025-11-17 13:40:03.111501+00,2025-11-17 13:53:57.886345+00,835
815,xhbc-sg4b,2025-11-17 14:19:21.147867+00,,
816,xhbc-sg4b,2025-11-17 14:19:18.112+00,2025-11-17 14:19:21.356984+00,3
817,xhbc-sg4b,2025-11-17 14:22:19.37901+00,2025-11-17 14:22:21.770804+00,2
818,xhbc-emu3,2025-11-17 14:51:09.750852+00,2025-11-17 14:51:38.277167+00,28
819,xhbc-sg4b,2025-11-17 15:47:57.163199+00,2025-11-17 15:47:57.87065+00,1
820,xhbc-a3nw,2025-11-17 16:29:03.823758+00,2025-11-17 16:29:15.703586+00,12
821,xhbc-t8ib,2025-11-17 16:42:56.886897+00,2025-11-17 16:43:08.772391+00,12
822,xhbc-c9de,2025-11-17 17:16:20.414722+00,2025-11-17 17:16:53.098074+00,32
823,xhbc-c9de,2025-11-17 17:17:23.02947+00,2025-11-17 17:17:34.249316+00,11
824,xhbc-c9de,2025-11-17 17:17:39.508753+00,2025-11-17 17:17:43.721866+00,4
825,xhbc-c9de,2025-11-17 17:18:21.56506+00,2025-11-17 17:18:24.74698+00,3
826,xhbc-wp2y,2025-11-17 17:27:33.513426+00,2025-11-17 17:28:34.251804+00,60
827,xhbc-gpe2,2025-11-17 17:29:02.648829+00,2025-11-17 17:29:04.473458+00,2
828,xhbc-ist5,2025-11-17 17:42:43.523903+00,2025-11-17 17:42:46.030881+00,2
829,xhbc-4rcd,2025-11-17 18:23:47.949768+00,2025-11-17 18:24:08.7749+00,21
830,xhbc-4rcd,2025-11-17 18:24:31.560889+00,2025-11-17 18:25:27.405008+00,56
831,xhbc-4rcd,2025-11-17 18:25:12.896616+00,2025-11-17 18:25:15.320593+00,2
832,xhbc-mw58,2025-11-17 19:22:09.264023+00,2025-11-17 19:27:56.180663+00,347
833,xhbc-6sy6,2025-11-17 19:27:56.78588+00,2025-11-17 19:28:24.241679+00,27
834,xhbc-7azb,2025-11-17 19:35:51.625808+00,2025-11-17 19:35:59.661117+00,8
835,xhbc-7azb,2025-11-17 19:37:04.475133+00,2025-11-17 19:50:03.829117+00,779
836,xhbc-m6n4,2025-11-17 19:39:48.269324+00,2025-11-17 19:40:06.671778+00,18
837,xhbc-m6n4,2025-11-17 19:40:21.986552+00,2025-11-17 19:40:26.477895+00,4
838,xhbc-ggyn,2025-11-17 19:46:36.999615+00,2025-11-17 19:47:47.143089+00,73
839,xhbc-ggyn,2025-11-17 19:47:35.410909+00,2025-11-17 19:48:04.308395+00,29
840,xhbc-ggyn,2025-11-17 19:47:50.453759+00,2025-11-17 19:47:56.456028+00,7
841,xhbc-2i6p,2025-11-17 20:17:06.122201+00,2025-11-17 20:18:13.18318+00,67
842,xhbc-cu5g,2025-11-17 20:33:31.216817+00,2025-11-17 20:34:27.247264+00,56
843,xhbc-u5hh,2025-11-17 20:34:10.803129+00,2025-11-17 20:34:59.220033+00,49
844,xhbc-gt9u,2025-11-17 20:49:56.078633+00,2025-11-17 20:50:20.069858+00,24
845,xhbc-gt9u,2025-11-17 20:50:21.309551+00,2025-11-17 20:50:26.190726+00,4
846,xhbc-4rcd,2025-11-17 20:52:21.292494+00,,
847,xhbc-2i6p,2025-11-17 20:59:25.327414+00,2025-11-17 20:59:31.393389+00,6
848,xhbc-n4fu,2025-11-17 21:26:31.614026+00,2025-11-17 21:27:17.56301+00,46
849,xhbc-n4fu,2025-11-17 21:27:17.770196+00,2025-11-17 21:38:23.887178+00,666
850,xhbc-n4fu,2025-11-17 21:28:46.414867+00,,
851,xhbc-uffr,2025-11-17 21:55:02.351304+00,,
852,xhbc-7eqk,2025-11-17 22:11:51.947452+00,2025-11-17 22:12:34.740454+00,42
853,xhbc-cyip,2025-11-17 22:36:36.509429+00,2025-11-17 22:43:10.237112+00,393
854,xhbc-cyip,2025-11-17 22:36:46.07945+00,2025-11-17 22:40:18.846482+00,212
855,xhbc-cyip,2025-11-17 22:40:09.832078+00,2025-11-17 22:43:09.727612+00,180
856,xhbc-cyip,2025-11-17 22:43:09.998651+00,2025-11-17 22:43:23.780975+00,14
857,xhbc-4gip,2025-11-18 00:25:33.188363+00,2025-11-18 00:25:41.123081+00,8
858,xhbc-xzpn,2025-11-18 01:33:50.302754+00,2025-11-18 01:35:25.105334+00,93
859,xhbc-fbh7,2025-11-18 02:19:13.516276+00,2025-11-18 02:19:38.383472+00,25
860,xhoc-jdex,2025-11-18 02:45:31.06888+00,2025-11-18 02:46:14.653826+00,43
861,xhbc-b373,2025-11-18 03:33:54.388862+00,2025-11-18 03:34:16.244115+00,22
862,xhbc-x3u7,2025-11-18 03:42:34.649576+00,2025-11-18 04:12:45.044729+00,1810
863,xhbc-fk5s,2025-11-18 04:19:54.228787+00,2025-11-18 04:20:25.584402+00,31
864,xhbc-giqt,2025-11-18 04:46:10.923669+00,,
865,xhoc-jdex,2025-11-18 05:37:57.819627+00,,
866,xhbc-uffr,2025-11-18 15:37:36.370351+00,,
867,xhbc-7y2q,2025-11-18 16:14:59.698743+00,2025-11-18 16:16:13.090758+00,73
868,xhbc-7y2q,2025-11-18 16:15:51.110479+00,2025-11-18 16:16:37.968986+00,47
869,xhbc-7y2q,2025-11-18 16:20:20.600102+00,2025-11-18 16:21:54.580907+00,94
870,Xhbc-cpjn,2025-11-18 16:46:34.096515+00,2025-11-18 16:51:24.249368+00,290
871,xhbc-pjkb,2025-11-18 16:50:03.287048+00,2025-11-18 16:50:26.341824+00,23
872,xhbc-ebtp,2025-11-18 17:02:35.302078+00,2025-11-18 17:12:06.873925+00,571
873,xhbc-59qk,2025-11-18 17:10:59.02332+00,2025-11-18 19:46:01.485051+00,9302
874,xhbc-59qk,2025-11-18 17:11:13.598873+00,2025-11-18 17:11:19.556821+00,6
875,xhbc-5xfc,2025-11-18 17:23:59.955639+00,2025-11-18 17:25:33.256363+00,93
876,xhbc-f4pp,2025-11-18 17:33:19.442594+00,2025-11-18 17:34:27.536009+00,68
877,xhbc-f4pp,2025-11-18 17:34:27.757318+00,2025-11-18 17:35:28.075499+00,60
878,xhbc-f4pp,2025-11-18 17:35:09.236373+00,2025-11-18 17:35:10.272945+00,1
879,xhbc-atkg,2025-11-18 17:50:25.628938+00,2025-11-18 17:50:49.167077+00,23
880,xhbc-atkg,2025-11-18 17:50:40.991475+00,2025-11-18 17:50:48.012778+00,7
881,xhbc-vsd6,2025-11-18 17:51:38.046416+00,2025-11-18 17:51:50.673646+00,12
882,xhbc-2ttx,2025-11-18 18:21:01.893253+00,2025-11-18 18:21:17.086081+00,15
883,xhbc-2ttx,2025-11-18 18:21:15.124411+00,2025-11-18 18:25:41.342584+00,266
884,xhbc-2ttx,2025-11-18 18:21:14.938+00,2025-11-18 18:21:16.18833+00,1
885,xhbc-snnp,2025-11-18 18:21:23.426108+00,2025-11-18 18:24:51.591975+00,208
886,xhbc-snnp,2025-11-18 18:24:54.251768+00,2025-11-18 18:24:57.08034+00,2
887,xhbc-snnp,2025-11-18 18:24:59.177662+00,2025-11-18 18:25:01.917417+00,2
888,xhbc-snnp,2025-11-18 18:25:32.926933+00,2025-11-18 18:25:35.305745+00,2
889,xhbc-5xfc,2025-11-18 18:38:25.531277+00,2025-11-18 18:38:59.557578+00,34
890,xhbc-75ca,2025-11-18 18:41:31.648636+00,2025-11-18 18:41:41.51111+00,10
891,xhbc-k6ct,2025-11-18 18:50:06.583569+00,2025-11-18 18:50:23.787091+00,17
892,xhbc-k6ct,2025-11-18 18:50:58.760226+00,2025-11-18 18:50:59.900052+00,1
893,xhbc-k6ct,2025-11-18 18:51:25.717478+00,2025-11-18 18:51:50.839994+00,25
894,xhbc-k6ct,2025-11-18 18:51:52.430851+00,2025-11-18 18:53:33.593827+00,101
895,xhbc-k6ct,2025-11-18 18:53:28.110845+00,2025-11-18 18:53:32.179506+00,4
896,xhbc-83f3,2025-11-18 19:04:53.66432+00,2025-11-18 19:05:00.792365+00,7
897,xhbc-83f3,2025-11-18 19:05:04.832475+00,2025-11-18 19:06:15.698022+00,71
898,xhbc-8m4h,2025-11-18 19:14:20.832392+00,2025-11-18 19:16:10.774107+00,110
899,xhbc-8m4h,2025-11-18 19:15:12.414065+00,2025-11-18 19:15:20.813724+00,8
900,xhbc-8m4h,2025-11-18 19:16:11.019021+00,2025-11-18 19:16:17.452697+00,6
901,xhbc-vfvz,2025-11-18 19:17:53.234581+00,2025-11-18 19:18:25.221304+00,32
902,xhbc-vfvz,2025-11-18 19:18:25.658572+00,2025-11-18 19:18:29.241912+00,3
903,xhbc-vfvz,2025-11-18 19:19:11.235108+00,2025-11-18 19:20:30.663061+00,79
904,xhbc-ef7v,2025-11-18 19:28:45.62158+00,2025-11-18 19:30:06.843754+00,81
905,xhbc-hiy8,2025-11-18 19:41:04.464127+00,2025-11-18 19:41:59.4392+00,55
906,xhbc-ky9x,2025-11-18 19:42:07.982862+00,2025-11-18 19:42:53.756927+00,46
907,xhbc-ky9x,2025-11-18 19:48:20.34458+00,2025-11-18 20:02:14.549396+00,834
908,xhbc-f4pp,2025-11-18 19:53:31.323418+00,2025-11-18 19:53:33.361395+00,2
909,xhbc-bx4w,2025-11-18 19:56:00.236219+00,2025-11-18 19:58:05.989482+00,125
910,xhbc-mpxr,2025-11-18 19:56:59.804517+00,2025-11-18 19:57:13.713795+00,14
911,xhbc-mpxr,2025-11-18 19:57:19.159982+00,2025-11-18 19:57:25.322555+00,6
912,xhbc-bx4w,2025-11-18 19:57:51.828867+00,2025-11-18 19:58:02.890667+00,11
913,xhbc-cyip,2025-11-18 20:00:05.070489+00,2025-11-18 20:00:06.151504+00,1
914,xhbc-ky9x,2025-11-18 20:00:37.646958+00,2025-11-18 20:07:17.649688+00,400
915,xhbc-78yi,2025-11-18 20:17:44.220631+00,2025-11-18 20:18:03.933576+00,19
916,xhbc-hiy8,2025-11-18 20:18:03.058606+00,2025-11-18 20:20:59.556029+00,176
917,xhbc-t6c9,2025-11-18 20:30:09.434885+00,2025-11-18 20:30:33.006445+00,23
918,xhbc-t6c9,2025-11-18 20:30:34.506786+00,2025-11-18 20:31:44.796882+00,70
919,xhbc-ky9x,2025-11-18 20:44:13.05633+00,2025-11-18 20:45:19.888568+00,68
920,xhbc-sfrj,2025-11-18 20:52:39.398207+00,2025-11-18 21:04:33.221055+00,714
921,xhbc-xzpn,2025-11-18 21:01:47.912425+00,2025-11-18 21:01:51.582328+00,3
922,xhbc-xzpn,2025-11-18 21:02:48.658396+00,2025-11-18 21:06:00.774158+00,192
923,xhbc-zvtd,2025-11-18 21:04:24.665118+00,2025-11-18 21:05:07.92713+00,43
924,xhbc-zvtd,2025-11-18 21:04:53.520811+00,2025-11-18 21:05:07.082473+00,13
925,xhbc-xzpn,2025-11-18 21:06:08.274302+00,2025-11-18 21:13:57.478219+00,469
926,xhbc-f4pp,2025-11-18 21:09:26.935324+00,,
927,xhbc-f4pp,2025-11-18 21:09:26.634+00,2025-11-18 21:09:26.937481+00,0
928,xhbc-f4pp,2025-11-18 21:09:26.634+00,2025-11-18 21:09:26.909671+00,0
929,xhbc-gufx,2025-11-18 21:19:31.300137+00,2025-11-18 21:19:59.344608+00,28
930,xhbc-gufx,2025-11-18 21:20:39.734914+00,2025-11-18 21:23:52.889609+00,193
931,xhbc-gufx,2025-11-18 21:23:29.748607+00,2025-11-18 21:23:32.453411+00,2
932,xhbc-8r65,2025-11-18 21:41:49.232717+00,2025-11-18 21:44:56.134142+00,187
933,xhbc-8r65,2025-11-18 21:45:12.391475+00,2025-11-18 21:45:19.925421+00,7
934,xhbc-8r65,2025-11-18 21:46:05.489979+00,2025-11-18 21:46:31.487133+00,26
935,xhbc-7ytz,2025-11-18 21:47:27.278547+00,2025-11-18 21:48:32.258556+00,65
936,xhbc-t6c9,2025-11-18 21:57:10.607934+00,,
937,xhbc-cp8g,2025-11-18 22:09:33.072735+00,2025-11-18 22:09:58.933695+00,26
938,xhbc-cp8g,2025-11-18 22:09:59.944584+00,2025-11-18 22:10:13.149005+00,13
939,xhbc-kpgc,2025-11-18 22:14:39.505728+00,2025-11-18 22:15:32.986899+00,53
940,xhbc-kpgc,2025-11-18 22:15:34.526783+00,2025-11-18 22:16:31.622415+00,57
941,xhbc-kpgc,2025-11-18 22:17:20.110811+00,2025-11-18 22:17:26.672821+00,6
942,xhbc-trn6,2025-11-18 22:24:01.094128+00,2025-11-18 23:17:57.530546+00,3236
943,xhbc-yads,2025-11-18 22:48:38.287303+00,2025-11-18 22:48:53.901479+00,15
944,xhbc-stqv,2025-11-18 22:53:30.661049+00,2025-11-18 22:53:52.933099+00,22
945,xhbc-stqv,2025-11-18 22:54:19.074361+00,2025-11-18 22:54:28.194131+00,9
946,xhbc-zvtd,2025-11-18 23:03:21.42434+00,2025-11-18 23:04:20.523344+00,59
947,xhbc-trn6,2025-11-18 23:18:02.077035+00,,
948,xhbc-trn6,2025-11-18 23:18:08.725608+00,2025-11-18 23:18:12.558837+00,3
949,xhbc-trn6,2025-11-18 23:18:14.384006+00,2025-11-18 23:18:19.242+00,4
950,xhbc-78g3,2025-11-18 23:23:56.834375+00,2025-11-18 23:25:11.896141+00,75
951,xhbc-78g3,2025-11-18 23:25:15.130011+00,2025-11-18 23:25:22.237951+00,7
952,xhbc-8ken,2025-11-18 23:27:47.829152+00,2025-11-18 23:28:51.142416+00,63
953,xhbc-8ken,2025-11-18 23:28:05.708404+00,2025-11-18 23:28:09.748342+00,4
954,xhbc-wdku,2025-11-18 23:33:31.704093+00,2025-11-18 23:33:38.15712+00,6
955,xhbc-wdku,2025-11-18 23:33:41.83569+00,2025-11-18 23:48:42.475616+00,900
956,xhbc-uycj,2025-11-18 23:55:22.952452+00,2025-11-18 23:55:55.634547+00,32
957,xhbc-uycj,2025-11-18 23:55:42.531924+00,2025-11-18 23:55:59.643148+00,17
958,xhbc-c32b,2025-11-18 23:56:06.399513+00,2025-11-18 23:56:52.085454+00,45
959,xhbc-856i,2025-11-18 23:59:56.69612+00,2025-11-19 00:00:09.392826+00,12
960,xhbc-f82n,2025-11-19 00:09:23.285932+00,2025-11-19 00:11:11.853345+00,108
961,xhbc-y953,2025-11-19 00:28:07.805175+00,2025-11-19 00:30:04.08683+00,116
962,xhbc-y953,2025-11-19 00:28:20.959799+00,2025-11-19 00:28:24.388136+00,3
963,xhbc-se8h,2025-11-19 00:36:08.879305+00,2025-11-19 00:36:16.343805+00,7
964,xhbc-se8h,2025-11-19 00:36:22.869686+00,2025-11-19 00:36:25.281505+00,2
965,xhbc-se8h,2025-11-19 00:36:35.444364+00,2025-11-19 00:36:37.557652+00,2
966,xhbc-d54z,2025-11-19 00:51:15.946753+00,2025-11-19 01:01:40.221125+00,624
967,xhbc-iyd7,2025-11-19 01:05:02.540928+00,2025-11-19 01:05:31.09505+00,28
968,xhbc-yads,2025-11-19 01:21:07.952008+00,2025-11-19 01:22:53.69026+00,107
969,xhbc-yk54,2025-11-19 01:27:09.969885+00,2025-11-19 01:27:41.990554+00,32
970,xhbc-yk54,2025-11-19 01:27:27.383444+00,2025-11-19 01:28:13.732315+00,46
971,xhbc-6g6e,2025-11-19 01:35:15.308758+00,2025-11-19 02:01:17.578717+00,1562
972,Xhbc-e23b,2025-11-19 01:43:39.441443+00,2025-11-19 01:48:23.277522+00,284
973,Xhbc-e23b,2025-11-19 01:44:35.151906+00,2025-11-19 01:44:55.251352+00,20
974,Xhbc-e23b,2025-11-19 01:48:23.820506+00,2025-11-19 01:49:32.292485+00,68
975,xhbc-sdqi,2025-11-19 01:52:46.715797+00,2025-11-19 01:53:21.404755+00,34
976,xhbc-sdqi,2025-11-19 01:53:43.523121+00,2025-11-19 02:04:38.496298+00,655
977,xhbc-6g6e,2025-11-19 02:01:17.843218+00,2025-11-19 02:01:41.076804+00,23
978,xhbc-6g6e,2025-11-19 02:01:29.886039+00,2025-11-19 02:01:39.484084+00,9
979,xhbc-mu6z,2025-11-19 02:05:00.085298+00,2025-11-19 02:05:59.51709+00,59
980,xhbc-mu6z,2025-11-19 02:05:24.831464+00,2025-11-19 02:05:56.754368+00,32
981,xhbc-pwcx,2025-11-19 02:16:01.177529+00,2025-11-19 02:16:12.440876+00,11
982,xhbc-pwcx,2025-11-19 02:16:41.322831+00,2025-11-19 02:18:13.294627+00,92
983,xhbc-pwcx,2025-11-19 02:18:16.944908+00,2025-11-19 02:18:29.375064+00,12
984,xhbc-pwcx,2025-11-19 02:19:06.916171+00,2025-11-19 02:19:56.612761+00,49
985,xhbc-bzt6,2025-11-19 02:22:02.707668+00,2025-11-19 03:17:16.195695+00,3313
986,xhbc-rkny,2025-11-19 02:27:30.996948+00,2025-11-19 02:28:08.416618+00,37
987,xhbc-rkny,2025-11-19 02:29:14.340956+00,,
988,xhbc-z8hn,2025-11-19 02:37:48.700397+00,2025-11-19 02:38:46.94755+00,58
989,xhbc-ns53,2025-11-19 02:46:01.084947+00,2025-11-19 02:47:32.611541+00,91
990,xhbc-9jmx,2025-11-19 02:46:33.0445+00,2025-11-19 02:48:46.464314+00,133
991,xhbc-9jmx,2025-11-19 02:46:46.010789+00,2025-11-19 02:46:58.872139+00,12
992,xhbc-ns53,2025-11-19 02:47:37.598959+00,2025-11-19 02:47:42.321602+00,4
993,xhbc-wrbd,2025-11-19 02:51:12.947615+00,2025-11-19 03:16:01.332871+00,1488
994,xhbc-26ct,2025-11-19 03:01:48.816716+00,2025-11-19 03:03:08.993613+00,80
995,xhbc-26ct,2025-11-19 03:03:31.012789+00,2025-11-19 03:03:54.414429+00,23
996,xhbc-26ct,2025-11-19 03:04:02.407211+00,2025-11-19 03:04:17.008316+00,15
997,xhbc-26ct,2025-11-19 03:04:23.344237+00,2025-11-19 03:04:26.996424+00,4
998,xhbc-tjyt,2025-11-19 03:12:29.278892+00,2025-11-19 03:14:03.605324+00,94
999,xhbc-85au,2025-11-19 03:16:24.693451+00,2025-11-19 03:20:46.052086+00,261
1000,xhbc-85au,2025-11-19 03:20:42.186545+00,2025-11-19 03:20:44.263846+00,2
1001,xhbc-85au,2025-11-19 03:20:45.116764+00,2025-11-19 03:20:46.501444+00,1
1002,xhbc-85au,2025-11-19 03:20:46.247775+00,2025-11-19 11:08:25.564917+00,28059
1003,xhbc-viwa,2025-11-19 03:35:55.733277+00,2025-11-19 03:49:47.274464+00,831
1004,xhbc-kpgc,2025-11-19 04:01:32.420126+00,2025-11-19 04:09:33.064191+00,486
1005,xhbc-jm8g,2025-11-19 04:15:24.855075+00,2025-11-19 04:29:45.938836+00,861
1006,xhbc-jm8g,2025-11-19 04:29:20.626163+00,2025-11-19 04:29:38.67652+00,18
1007,xhbc-jm8g,2025-11-19 04:29:40.493211+00,2025-11-19 04:29:46.786512+00,6
1008,xhoc-jdex,2025-11-19 04:33:08.168606+00,2025-11-19 05:16:31.202641+00,2603
1009,xhbc-s39w,2025-11-19 04:36:52.19139+00,2025-11-19 04:37:07.995569+00,15
1010,xhbc-s39w,2025-11-19 04:37:10.066216+00,2025-11-19 04:37:29.022019+00,19
1011,xhbc-9uw7,2025-11-19 04:41:48.738808+00,2025-11-19 04:42:38.129722+00,49
1012,xhbc-qiw4,2025-11-19 04:42:15.937706+00,2025-11-19 04:42:20.067028+00,4
1013,xhbc-9uw7,2025-11-19 04:42:20.020658+00,2025-11-19 04:43:35.440354+00,75
1014,xhbc-9uw7,2025-11-19 04:43:31.760343+00,2025-11-19 04:43:44.715414+00,13
1015,xhbc-s39w,2025-11-19 04:47:49.012934+00,2025-11-19 04:47:57.270983+00,8
1016,xhbc-s39w,2025-11-19 04:47:59.253815+00,2025-11-19 04:48:19.981257+00,20
1017,xhbc-s39w,2025-11-19 04:48:21.785584+00,2025-11-19 04:48:23.497234+00,1
1018,xhbc-s39w,2025-11-19 04:48:25.437887+00,2025-11-19 04:48:27.424773+00,2
1019,xhbc-s39w,2025-11-19 04:48:30.066609+00,2025-11-19 04:48:31.693977+00,1
1020,xhbc-s39w,2025-11-19 04:48:33.284304+00,2025-11-19 04:48:48.665993+00,15
1021,xhbc-8fai,2025-11-19 04:58:03.339207+00,2025-11-19 05:00:19.940187+00,136
1022,xhbc-viwa,2025-11-19 04:58:21.445575+00,2025-11-19 04:59:00.721035+00,39
1023,xhbc-8fai,2025-11-19 05:01:19.130051+00,2025-11-19 05:08:12.918177+00,414
1024,xhbc-nxc8,2025-11-19 05:19:14.686974+00,2025-11-19 05:19:49.472005+00,34
1025,xhbc-nxc8,2025-11-19 05:19:32.259431+00,2025-11-19 05:20:54.851413+00,82
1026,xhbc-nxc8,2025-11-19 05:20:55.051729+00,2025-11-19 05:22:45.364912+00,110
1027,xhbc-nxc8,2025-11-19 05:21:59.077061+00,2025-11-19 05:22:00.792992+00,1
1028,xhbc-viwa,2025-11-19 05:32:07.683858+00,2025-11-19 05:32:31.971076+00,24
1029,xhbc-bfyw,2025-11-19 05:37:24.41529+00,2025-11-19 05:38:40.760068+00,76
1030,xhbc-u4nh,2025-11-19 05:42:04.357053+00,2025-11-19 05:42:25.420988+00,21
1031,xhbc-bfyw,2025-11-19 05:42:05.934696+00,2025-11-19 05:52:09.398247+00,603
1032,xhbc-xna7,2025-11-19 05:42:26.859233+00,2025-11-19 05:42:34.5938+00,7
1033,xhbc-u4nh,2025-11-19 05:42:27.044633+00,2025-11-19 05:42:32.800587+00,5
1034,xhbc-wtga,2025-11-19 06:02:20.440253+00,2025-11-19 06:02:35.657481+00,15
1035,xhbc-u4nh,2025-11-19 06:35:25.740957+00,2025-11-19 06:35:38.850052+00,13
1036,xhbc-s39w,2025-11-19 09:05:23.030274+00,2025-11-19 09:05:24.798066+00,4
1037,xhbc-s39w,2025-11-19 09:05:20.034+00,2025-11-19 09:05:23.192019+00,3
1038,xhbc-wsqe,2025-11-19 09:06:40.055133+00,2025-11-19 09:06:51.17786+00,11
1039,xhbc-wtga,2025-11-19 09:10:38.021193+00,2025-11-19 09:16:43.344334+00,365
1040,xhbc-test,2025-11-19 10:22:13.282859+00,2025-11-19 10:23:52.003582+00,98
1041,xhbc-tfqz,2025-11-19 11:00:26.361557+00,2025-11-19 11:01:37.449304+00,71
1042,Xhbc-b5wv,2025-11-19 11:30:33.278797+00,2025-11-19 11:30:48.620074+00,15
1043,Xhbc-b5wv,2025-11-19 11:31:02.764413+00,2025-11-19 11:31:19.204453+00,16
1044,Xhbc-wrbd,2025-11-19 12:24:13.482485+00,2025-11-19 12:26:23.192748+00,129
1045,xhbc-cyip,2025-11-19 12:36:55.952619+00,2025-11-19 12:38:03.782495+00,68
1046,xhbc-iyd7,2025-11-19 12:37:46.297427+00,2025-11-19 12:40:28.096336+00,162
1047,xhbc-3tyi,2025-11-19 12:46:08.942442+00,2025-11-19 12:47:40.942845+00,92
1048,xhbc-3tyi,2025-11-19 12:46:18.838886+00,2025-11-19 12:46:29.921636+00,11
1049,xhbc-3gyb,2025-11-19 12:50:24.541655+00,2025-11-19 13:04:48.997336+00,864
1050,xhbc-3gyb,2025-11-19 13:04:17.797931+00,2025-11-19 13:04:20.934368+00,3
1051,xhbc-3gyb,2025-11-19 13:04:49.116469+00,2025-11-19 13:05:03.739106+00,14
1052,xhbc-3gyb,2025-11-19 13:04:56.521632+00,2025-11-19 13:05:01.569659+00,5
1053,xhbc-jm8g,2025-11-19 13:05:42.541278+00,2025-11-19 13:09:06.719665+00,204
1054,xhbc-pwcx,2025-11-19 13:29:33.192542+00,2025-11-19 13:29:48.736798+00,15
1055,xhbc-widx,2025-11-19 13:40:09.57775+00,2025-11-19 13:42:32.247039+00,142
1056,xhbc-widx,2025-11-19 13:43:35.805139+00,2025-11-19 13:44:37.327404+00,61
1057,Xhbc-t3qk,2025-11-19 13:50:56.891841+00,2025-11-19 13:59:46.408696+00,529
1058,xhbc-97vm,2025-11-19 14:57:17.661899+00,2025-11-20 16:28:06.590399+00,91850
1059,xhbc-nxc8,2025-11-19 15:34:52.068849+00,2025-11-19 15:35:03.803602+00,11
1060,xhbc-nxc8,2025-11-19 15:58:21.371858+00,2025-11-19 15:58:24.721341+00,4
1061,xhbc-8m4h,2025-11-19 16:59:55.629+00,2025-11-19 16:59:56.39833+00,0
1062,xhbc-8m4h,2025-11-19 16:59:56.636379+00,,
1063,xhbc-uffr,2025-11-19 17:12:42.309096+00,,
1064,xhbc-sfrj,2025-11-19 19:50:29.363231+00,,
1065,xhbc-yads,2025-11-19 21:34:00.443+00,2025-11-19 21:34:04.917066+00,4
1066,xhbc-yads,2025-11-19 21:34:05.660328+00,2025-11-19 21:38:46.544565+00,286
1067,xhbc-wtga,2025-11-19 21:35:40.342589+00,2025-11-19 22:08:22.396376+00,1962
1068,Hxbc-pnjn,2025-11-19 22:03:34.042197+00,2025-11-19 22:06:51.239274+00,197
1069,xhbc-ist5,2025-11-19 22:16:10.466412+00,2025-11-19 22:16:18.530824+00,8
1070,xhbc-wtga,2025-11-19 22:22:01.577827+00,,
1071,xhbc-u5hh,2025-11-19 22:37:18.364487+00,2025-11-19 22:38:04.479419+00,46
1072,xhbc-u5hh,2025-11-19 22:38:09.697278+00,,
1073,Hxbc-pnjn,2025-11-20 01:57:34.786325+00,,
1074,xhbc-nxc8,2025-11-20 04:09:09.79949+00,2025-11-20 04:10:37.0463+00,90
1075,xhbc-u5hh,2025-11-20 05:45:00.929344+00,2025-11-20 05:47:00.145639+00,119
1076,xhbc-pe42,2025-11-20 06:22:08.419115+00,2025-11-20 06:22:12.903334+00,5
1077,xhbc-pwcx,2025-11-20 11:55:02.551847+00,2025-11-20 11:55:08.086076+00,6
1078,xhbc-pwcx,2025-11-20 11:55:09.318488+00,2025-11-20 11:55:14.389337+00,5
1079,Hxbc-pnjn,2025-11-20 13:12:56.041136+00,2025-11-20 13:12:57.500886+00,4
1080,xhbc-mm86,2025-11-20 16:06:22.502212+00,,
1081,xhbc-mm86,2025-11-20 16:06:19.798+00,2025-11-20 16:06:23.709864+00,3
1082,xhbc-jcfc,2025-11-20 17:36:56.109442+00,2025-11-20 17:37:07.196093+00,12
1083,hxbc-bfyw,2025-11-20 18:39:04.038223+00,2025-11-20 18:40:36.223602+00,92
1084,xhbc-373r,2025-11-20 19:02:25.492397+00,2025-11-20 19:03:09.524307+00,44
1085,xhbc-mhn7,2025-11-20 19:20:26.445141+00,2025-11-20 19:21:16.040866+00,51
1086,xhbc-kmnj,2025-11-20 19:36:19.401802+00,2025-11-20 19:36:22.225816+00,3
1087,xhbc-ggyn,2025-11-20 19:46:34.642486+00,,
1088,xhbc-63ee,2025-11-20 20:17:03.101749+00,2025-11-20 21:49:43.699221+00,5560
1089,xhbc-nxc8,2025-11-20 20:26:15.359253+00,2025-11-20 20:26:16.641819+00,1
1090,xhbc-kmnj,2025-11-20 22:31:31.146318+00,2025-11-20 22:31:42.671497+00,11
1091,xhbc-75ca,2025-11-20 22:56:35.165858+00,2025-11-20 22:56:47.131285+00,12
1092,xhbc-nxc8,2025-11-21 03:28:54.723+00,2025-11-21 03:28:57.284663+00,2
1093,xhbc-nxc8,2025-11-21 03:28:57.747927+00,,
1094,xhbc-uffr,2025-11-21 04:25:13.403548+00,,
1095,xhbc-uffr,2025-11-21 04:34:51.889252+00,2025-11-21 04:34:53.398118+00,2
1096,xhbc-bzt6,2025-11-21 04:46:32.970667+00,2025-11-21 04:48:59.239513+00,146
1097,xhbc-nxc8,2025-11-21 06:56:53.853572+00,,
1098,xhbc-nxc8,2025-11-21 06:56:50.821+00,2025-11-21 06:56:53.408866+00,2
1099,xhoc-jdex,2025-11-21 11:05:16.869576+00,2025-11-21 11:05:49.990611+00,33
1100,xhoc-jdex,2025-11-21 11:07:10.732296+00,,
1101,xhbc-63ee,2025-11-21 16:38:03.925437+00,2025-11-21 16:38:26.606349+00,22
1102,xhbc-sg4b,2025-11-21 17:51:14.292393+00,2025-11-21 17:53:04.204055+00,113
1103,xhbc-sfrj,2025-11-21 20:04:09.76207+00,,
1104,xhbc-sfrj,2025-11-21 20:04:06.618+00,2025-11-21 20:04:10.337895+00,3
1105,xhbc-yads,2025-11-21 20:59:58.724092+00,,
1106,xhbc-gufx,2025-11-21 22:47:25.953036+00,2025-11-21 22:47:33.053812+00,7
1107,xhbc-sdqi,2025-11-21 23:20:41.339782+00,,
1108,xhoc-jdex,2025-11-22 03:08:21.049993+00,2025-11-22 03:08:46.99674+00,26
1109,Xhbc-wtga,2025-11-22 03:10:02.054493+00,2025-11-22 03:16:40.951633+00,399
1110,xhbc-bzt6,2025-11-22 03:32:34.96206+00,2025-11-22 03:35:52.048922+00,197
1111,xhbc-bebz,2025-11-22 04:21:13.986895+00,2025-11-22 04:21:32.646558+00,19
1112,xhbc-wdku,2025-11-22 11:21:56.58089+00,2025-11-22 11:45:30.999432+00,1415
1113,xhoc-jdex,2025-11-22 14:38:03.595094+00,,
1114,xhbc-yads,2025-11-22 17:37:31.9164+00,,
1115,xhbc-yads,2025-11-22 17:37:29.47+00,2025-11-22 17:37:32.830624+00,3
1116,Xhbc-69h9,2025-11-22 21:02:01.653278+00,,
1117,xhbc-emu3,2025-11-22 22:51:54.959178+00,2025-11-22 22:54:57.958089+00,183
1118,xhbc-emu3,2025-11-22 22:53:00.718812+00,2025-11-22 23:01:31.777041+00,511
1119,xhbc-emu3,2025-11-22 23:00:53.357606+00,2025-11-22 23:01:04.204052+00,12
1120,xhbc-emu3,2025-11-22 23:01:31.689395+00,,
1121,xhbc-ist5,2025-11-22 23:01:38.792588+00,2025-11-22 23:01:48.953537+00,10
1122,xhbc-emu3,2025-11-22 23:01:40.602545+00,2025-11-22 23:02:01.54917+00,21
1123,xhbc-emu3,2025-11-22 23:02:40.862245+00,,
1124,xhbc-yads,2025-11-22 23:11:33.320386+00,,
1125,xhbc-99m4,2025-11-23 01:21:18.766276+00,,
1126,xhbc-viwa,2025-11-23 07:11:04.365899+00,2025-11-23 07:11:27.004212+00,22
1127,xhbc-emu3,2025-11-23 15:57:16.397297+00,2025-11-23 16:04:01.147865+00,404
1128,xhbc-sfrj,2025-11-23 19:30:30.61581+00,,
1129,xhbc-sfrj,2025-11-23 19:30:27.733+00,2025-11-23 19:30:30.322707+00,2
1130,xhbc-nxc8,2025-11-23 21:47:41.986763+00,2025-11-23 21:47:45.426853+00,6
1131,xhbc-gufx,2025-11-23 22:31:53.186832+00,2025-11-23 22:32:17.191612+00,24
1132,xhbc-gufx,2025-11-23 22:33:54.423398+00,2025-11-23 22:34:15.296421+00,21
1133,xhbc-r2zu,2025-11-24 02:12:40.221047+00,,
1134,xhbc-r2zu,2025-11-24 02:12:38.276+00,2025-11-24 02:12:39.538822+00,1
1135,xhbc-u5hh,2025-11-24 10:05:24.521588+00,2025-11-24 10:08:09.110673+00,164
1136,xhbc-fuys,2025-11-24 14:56:07.317022+00,2025-11-24 14:56:16.851023+00,9
1137,xhbc-gufx,2025-11-24 20:38:16.076207+00,2025-11-24 20:38:35.084521+00,19
1138,xhbc-stqv,2025-11-25 00:47:59.383089+00,2025-11-25 00:50:53.619142+00,174
1139,Chic-wtga,2025-11-25 06:51:05.849476+00,2025-11-25 06:53:22.190137+00,138
1140,Chic-wtga,2025-11-25 06:53:32.779057+00,2025-11-25 06:53:38.592492+00,5
1141,Chic-wtga,2025-11-25 06:53:41.332312+00,2025-11-25 06:53:48.744637+00,7
1142,Chic-wtga,2025-11-25 06:53:52.059553+00,2025-11-25 06:53:59.102314+00,7
1143,Chic-wtga,2025-11-25 06:54:01.316797+00,,
1144,Chic-wtga,2025-11-25 06:54:07.443645+00,2025-11-25 06:54:19.351631+00,12
1145,xhbc-pwcx,2025-11-25 12:12:00.736197+00,2025-11-25 12:13:58.01302+00,117
1146,xhbc-yads,2025-11-25 17:35:04.085625+00,2025-11-25 17:39:25.871609+00,265
1147,xhbc-yads,2025-11-25 18:08:44.417329+00,,
1148,xhbc-yads,2025-11-25 18:08:39.581+00,2025-11-25 18:08:43.853673+00,4
1149,xhbc-yads,2025-11-25 18:51:09.552+00,2025-11-25 18:51:10.581117+00,1
1150,xhbc-yads,2025-11-25 18:51:11.008364+00,2025-11-25 18:52:04.864574+00,55
1151,xhbc-yads,2025-11-25 18:58:15.841+00,2025-11-25 18:58:17.914969+00,2
1152,xhbc-yads,2025-11-25 18:58:18.185011+00,,
1153,xhbc-83f3,2025-11-25 19:36:43.280216+00,2025-11-25 19:37:09.534243+00,27
1154,xhbc-sfrj,2025-11-25 20:01:42.936+00,2025-11-25 20:01:45.257517+00,2
1155,xhbc-sfrj,2025-11-25 20:01:45.399668+00,,
1156,xhbc-9uw7,2025-11-26 00:27:11.555491+00,2025-11-26 00:30:22.159882+00,190
1157,xhbc-stqv,2025-11-26 03:06:50.087098+00,2025-11-26 03:25:10.007818+00,1100
1158,xhbc-u5hh,2025-11-26 05:01:43.796367+00,2025-11-26 05:02:05.676143+00,22
1159,xhbc-i3qx,2025-11-26 06:04:24.28987+00,2025-11-26 06:06:34.732071+00,130
1160,xhbc-nxc8,2025-11-26 06:06:27.172381+00,2025-11-26 06:06:35.344925+00,8
1161,xhbc-nxc8,2025-11-26 06:22:12.186+00,2025-11-26 06:22:14.482204+00,2
1162,xhbc-nxc8,2025-11-26 06:22:14.878892+00,,
1163,xhbc-jm8g,2025-11-26 15:42:51.353015+00,2025-11-26 15:43:29.525321+00,38
1164,xhbc-ist5,2025-11-26 16:31:02.303832+00,2025-11-26 16:32:35.352956+00,93
1165,xhbc-sfrj,2025-11-26 20:37:36.9855+00,,
1166,xhbc-sfrj,2025-11-26 20:37:34.306+00,2025-11-26 20:37:37.122469+00,2
1167,xhbc-xzpn,2025-11-26 20:48:37.414185+00,2025-11-26 20:48:43.414132+00,6
1168,xhbc-xzpn,2025-11-26 20:49:18.682701+00,,
1169,xhbc-xzpn,2025-11-26 20:49:18.541+00,2025-11-26 20:49:27.155851+00,8
1170,xhbc-xzpn,2025-11-26 20:49:53.338673+00,2025-11-26 20:50:06.120131+00,12
1171,xhbc-u5hh,2025-11-26 22:46:19.764384+00,2025-11-26 22:48:18.326677+00,118
1172,xhoc-t6c9,2025-11-28 01:21:59.565817+00,2025-11-28 01:24:54.551817+00,175
1173,Xhbc-wtga,2025-11-28 07:13:07.182906+00,2025-11-28 07:13:56.170509+00,49
1174,xhbc-8h8r,2025-11-28 10:04:54.133418+00,2025-11-28 10:06:58.792774+00,124
1175,xhbc-stqv,2025-11-29 03:08:58.11499+00,2025-11-29 03:09:35.430269+00,37
1176,xhbc-pwcx,2025-11-29 09:52:32.004292+00,2025-11-29 09:55:46.962315+00,195
1177,Xhbc-wtga,2025-11-30 03:13:06.919296+00,2025-11-30 03:13:46.43567+00,39
1178,Xhbc-wtga,2025-11-30 03:13:51.237373+00,2025-11-30 03:13:55.726646+00,4
1179,Xhbc-wtga,2025-11-30 03:13:57.264254+00,2025-11-30 03:14:01.501681+00,4
1180,xhbc-sfrj,2025-11-30 19:18:20.53+00,2025-11-30 19:18:23.304817+00,2
1181,xhbc-sfrj,2025-11-30 19:18:20.53+00,2025-11-30 19:18:23.328934+00,2
1182,xhbc-sfrj,2025-11-30 19:18:23.717713+00,,
1183,xhbc-quxz,2025-12-01 13:34:35.594613+00,,
1184,xhbc-gt9u,2025-12-02 13:04:16.17641+00,2025-12-02 13:05:38.847768+00,83
1185,xhbc-tfqz,2025-12-03 00:14:32.697+00,2025-12-03 00:14:35.27343+00,2
1186,xhbc-tfqz,2025-12-03 00:14:32.697+00,2025-12-03 00:14:35.368266+00,2
1187,xhbc-tfqz,2025-12-03 00:14:37.35554+00,,
1188,xhoc-t6c9,2025-12-05 06:03:41.093415+00,2025-12-05 06:06:03.717859+00,142
1189,xhbc-s39w,2025-12-06 08:43:33.72109+00,2025-12-06 08:43:59.398417+00,25
1190,xhbc-s39w,2025-12-06 08:44:01.30464+00,2025-12-06 08:44:06.159806+00,4
1191,xhbc-s39w,2025-12-06 08:44:07.58961+00,2025-12-06 08:44:13.399729+00,5
1192,xhbc-pwcx,2025-12-07 12:58:53.046983+00,2025-12-07 12:59:49.801144+00,56
1193,xhbc-u5hh,2025-12-07 21:46:26.510504+00,2025-12-07 21:48:48.433874+00,142
1194,xhbc-vfvz,2025-12-09 20:59:42.003498+00,2025-12-09 21:01:18.726344+00,97
1195,xhbc-vfvz,2025-12-09 21:01:27.072441+00,2025-12-09 21:02:08.726816+00,42
1196,xhbc-vfvz,2025-12-09 21:12:09.038499+00,,
1197,xhbc-gufx,2025-12-10 00:54:20.577522+00,2025-12-10 00:54:50.945503+00,30
1198,xhbc-wtga,2025-12-11 20:29:59.596672+00,2025-12-11 20:30:48.759535+00,49
1199,xhbc-u5hh,2025-12-12 17:58:21.395847+00,2025-12-12 17:58:35.824402+00,15
1200,xhbc-kmnj,2025-12-14 13:17:09.876838+00,2025-12-14 13:17:35.794123+00,26
1201,xhbc-kmnj,2025-12-14 13:17:47.753297+00,2025-12-14 13:17:54.862604+00,7
1202,xhbc-kmnj,2025-12-14 13:18:12.305893+00,,
1203,xhbc-tfqz,2025-12-14 13:18:27.015061+00,2025-12-14 13:19:05.46734+00,38
1204,xhbc-uycj,2025-12-15 15:21:15.123755+00,2025-12-15 15:21:24.666213+00,9
1205,xhbc-wtga,2025-12-16 14:42:38.364311+00,2025-12-16 14:43:26.994672+00,48
1206,xhbc-78yi,2025-12-17 14:47:06.722116+00,,
1207,xhbc-8n69,2025-12-23 12:15:22.026855+00,,
1208,xhbc-c32b,2026-01-03 22:08:58.65117+00,2026-01-03 22:09:05.040863+00,9
1209,test-1234,2026-01-21 13:16:29.323662+00,2026-01-21 13:29:31.874153+00,782